Workbook

Sheet Data averaged
A1: Objective | B1: Arch | C1: Prompt | D1: Model | E1: Scenario | F1: Seed | G1: Run | H1: llm_calls | I1: json_generation_failures | J1: llm_missing_or_invalid_actions | K1: charging_station_utilization_rate | L1: elapsed_seconds | M1: steps to first delivery | N1: total deliveries | O1: total steps | P1: deliveries_per_1000_steps | Q1: llm_calls_per_1000_steps | R1: llm_calls_per_delivery | S1: invalid_action_rate | T1: json_failure_rate | U1: Matched prompt pair | V1: Matched Calls-Battery+Shelf pair | W1: Matched three-objective triplet
A2: Battery | B2: Centralized | C2: Natural | D2: llama 1b (3.2) | E2: tiny_balanced_1v1 | H2: =AVERAGEIFS('Data Combined - all-runs'!$H:$H, 'Data Combined - all-runs'!$A:$A, A2,'Data Combined - all-runs'!$B:$B, B2,'Data Combined - all-runs'!$C:$C, C2, 'Data Combined - all-runs'!$D:$D, D2, 'Data Combined - all-runs'!$E:$E, E2) -> 195 | I2: =AVERAGEIFS('Data Combined - all-runs'!$I:$I, 'Data Combined - all-runs'!$A:$A, A2,'Data Combined - all-runs'!$B:$B, B2,'Data Combined - all-runs'!$C:$C, C2, 'Data Combined - all-runs'!$D:$D, D2, 'Data Combined - all-runs'!$E:$E, E2) -> 0 | J2: =AVERAGEIFS('Data Combined - all-runs'!$J:$J, 'Data Combined - all-runs'!$A:$A, A2,'Data Combined - all-runs'!$B:$B, B2,'Data Combined - all-runs'!$C:$C, C2, 'Data Combined - all-runs'!$D:$D, D2, 'Data Combined - all-runs'!$E:$E, E2) -> 7 | K2: =AVERAGEIFS('Data Combined - all-runs'!$K:$K, 'Data Combined - all-runs'!$A:$A, A2,'Data Combined - all-runs'!$B:$B, B2,'Data Combined - all-runs'!$C:$C, C2, 'Data Combined - all-runs'!$D:$D, D2, 'Data Combined - all-runs'!$E:$E, E2) -> 0.03 | L2: =AVERAGEIFS('Data Combined - all-runs'!$L:$L, 'Data Combined - all-runs'!$A:$A, A2,'Data Combined - all-runs'!$B:$B, B2,'Data Combined - all-runs'!$C:$C, C2, 'Data Combined - all-runs'!$D:$D, D2, 'Data Combined - all-runs'!$E:$E, E2) -> 366.24752 | M2: =AVERAGEIFS('Data Combined - all-runs'!$M:$M, 'Data Combined - all-runs'!$A:$A, A2,'Data Combined - all-runs'!$B:$B, B2,'Data Combined - all-runs'!$C:$C, C2, 'Data Combined - all-runs'!$D:$D, D2, 'Data Combined - all-runs'!$E:$E, E2) -> #DIV/0! | N2: =AVERAGEIFS('Data Combined - all-runs'!$N:$N, 'Data Combined - all-runs'!$A:$A, A2,'Data Combined - all-runs'!$B:$B, B2,'Data Combined - all-runs'!$C:$C, C2, 'Data Combined - all-runs'!$D:$D, D2, 'Data Combined - all-runs'!$E:$E, E2) -> 0 | O2: =AVERAGEIFS('Data Combined - all-runs'!$O:$O, 'Data Combined - all-runs'!$A:$A, A2,'Data Combined - all-runs'!$B:$B, B2,'Data Combined - all-runs'!$C:$C, C2, 'Data Combined - all-runs'!$D:$D, D2, 'Data Combined - all-runs'!$E:$E, E2) -> 500 | P2: =AVERAGEIFS('Data Combined - all-runs'!$P:$P, 'Data Combined - all-runs'!$A:$A, A2,'Data Combined - all-runs'!$B:$B, B2,'Data Combined - all-runs'!$C:$C, C2, 'Data Combined - all-runs'!$D:$D, D2, 'Data Combined - all-runs'!$E:$E, E2) -> 0 | Q2: =AVERAGEIFS('Data Combined - all-runs'!$Q:$Q, 'Data Combined - all-runs'!$A:$A, A2,'Data Combined - all-runs'!$B:$B, B2,'Data Combined - all-runs'!$C:$C, C2, 'Data Combined - all-runs'!$D:$D, D2, 'Data Combined - all-runs'!$E:$E, E2) -> 390 | R2: =AVERAGEIFS('Data Combined - all-runs'!$R:$R, 'Data Combined - all-runs'!$A:$A, A2,'Data Combined - all-runs'!$B:$B, B2,'Data Combined - all-runs'!$C:$C, C2, 'Data Combined - all-runs'!$D:$D, D2, 'Data Combined - all-runs'!$E:$E, E2) -> #DIV/0! | S2: =AVERAGEIFS('Data Combined - all-runs'!$S:$S, 'Data Combined - all-runs'!$A:$A, A2,'Data Combined - all-runs'!$B:$B, B2,'Data Combined - all-runs'!$C:$C, C2, 'Data Combined - all-runs'!$D:$D, D2, 'Data Combined - all-runs'!$E:$E, E2) -> 0.035897436 | T2: =AVERAGEIFS('Data Combined - all-runs'!$T:$T, 'Data Combined - all-runs'!$A:$A, A2,'Data Combined - all-runs'!$B:$B, B2,'Data Combined - all-runs'!$C:$C, C2, 'Data Combined - all-runs'!$D:$D, D2, 'Data Combined - all-runs'!$E:$E, E2) -> 0 | U2: =AND( ISNUMBER($H2), SUMPRODUCT( ($A$2:$A$433=$A2)* ($B$2:$B$433=$B2)* ($C$2:$C$433=IF($C2="Json","Natural","Json"))* ($D$2:$D$433=$D2)* ($E$2:$E$433=$E2)* ISNUMBER($H$2:$H$433) )>0 ) -> FALSE | V2: =AND( ISNUMBER($H2), OR($A2="Calls",$A2="Battery + Shelf"), SUMPRODUCT( ($A$2:$A$433=IF($A2="Calls","Battery + Shelf","Calls"))* ($B$2:$B$433=$B2)* ($C$2:$C$433=$C2)* ($D$2:$D$433=$D2)* ($E$2:$E$433=$E2)* ISNUMBER($H$2:$H$433) )>0 ) -> FALSE | W2: =AND( ISNUMBER($H2), OR( $A2="Calls", $A2="Battery + Shelf", $A2="Battery" ), SUMPRODUCT( ($A$2:$A$433="Calls")* ($B$2:$B$433=$B2)* ($C$2:$C$433=$C2)* ($D$2:$D$433=$D2)* ($E$2:$E$433=$E2)* ISNUMBER($H$2:$H$433) )>0, SUMPRODUCT( ($A$2:$A$433="Battery + Shelf")* ($B$2:$B$433=$B2)* ($C$2:$C$433=$C2)* ($D$2:$D$433=$D2)* ($E$2:$E$433=$E2)* ISNUMBER($H$2:$H$433) )>0, SUMPRODUCT( ($A$2:$A$433="Battery")* ($B$2:$B$433=$B2)* ($C$2:$C$433=$C2)* ($D$2:$D$433=$D2)* ($E$2:$E$433=$E2)* ISNUMBER($H$2:$H$433) )>0 ) -> TRUE
A3: Battery | B3: Centralized | C3: Natural | D3: llama 1b (3.2) | E3: small_balanced_2v2 | H3: =AVERAGEIFS('Data Combined - all-runs'!$H:$H, 'Data Combined - all-runs'!$A:$A, A3,'Data Combined - all-runs'!$B:$B, B3,'Data Combined - all-runs'!$C:$C, C3, 'Data Combined - all-runs'!$D:$D, D3, 'Data Combined - all-runs'!$E:$E, E3) -> 370 | I3: =AVERAGEIFS('Data Combined - all-runs'!$I:$I, 'Data Combined - all-runs'!$A:$A, A3,'Data Combined - all-runs'!$B:$B, B3,'Data Combined - all-runs'!$C:$C, C3, 'Data Combined - all-runs'!$D:$D, D3, 'Data Combined - all-runs'!$E:$E, E3) -> 0 | J3: =AVERAGEIFS('Data Combined - all-runs'!$J:$J, 'Data Combined - all-runs'!$A:$A, A3,'Data Combined - all-runs'!$B:$B, B3,'Data Combined - all-runs'!$C:$C, C3, 'Data Combined - all-runs'!$D:$D, D3, 'Data Combined - all-runs'!$E:$E, E3) -> 82 | K3: =AVERAGEIFS('Data Combined - all-runs'!$K:$K, 'Data Combined - all-runs'!$A:$A, A3,'Data Combined - all-runs'!$B:$B, B3,'Data Combined - all-runs'!$C:$C, C3, 'Data Combined - all-runs'!$D:$D, D3, 'Data Combined - all-runs'!$E:$E, E3) -> 0.1735 | L3: =AVERAGEIFS('Data Combined - all-runs'!$L:$L, 'Data Combined - all-runs'!$A:$A, A3,'Data Combined - all-runs'!$B:$B, B3,'Data Combined - all-runs'!$C:$C, C3, 'Data Combined - all-runs'!$D:$D, D3, 'Data Combined - all-runs'!$E:$E, E3) -> 735.98261 | M3: =AVERAGEIFS('Data Combined - all-runs'!$M:$M, 'Data Combined - all-runs'!$A:$A, A3,'Data Combined - all-runs'!$B:$B, B3,'Data Combined - all-runs'!$C:$C, C3, 'Data Combined - all-runs'!$D:$D, D3, 'Data Combined - all-runs'!$E:$E, E3) -> #DIV/0! | N3: =AVERAGEIFS('Data Combined - all-runs'!$N:$N, 'Data Combined - all-runs'!$A:$A, A3,'Data Combined - all-runs'!$B:$B, B3,'Data Combined - all-runs'!$C:$C, C3, 'Data Combined - all-runs'!$D:$D, D3, 'Data Combined - all-runs'!$E:$E, E3) -> 0 | O3: =AVERAGEIFS('Data Combined - all-runs'!$O:$O, 'Data Combined - all-runs'!$A:$A, A3,'Data Combined - all-runs'!$B:$B, B3,'Data Combined - all-runs'!$C:$C, C3, 'Data Combined - all-runs'!$D:$D, D3, 'Data Combined - all-runs'!$E:$E, E3) -> 500 | P3: =AVERAGEIFS('Data Combined - all-runs'!$P:$P, 'Data Combined - all-runs'!$A:$A, A3,'Data Combined - all-runs'!$B:$B, B3,'Data Combined - all-runs'!$C:$C, C3, 'Data Combined - all-runs'!$D:$D, D3, 'Data Combined - all-runs'!$E:$E, E3) -> 0 | Q3: =AVERAGEIFS('Data Combined - all-runs'!$Q:$Q, 'Data Combined - all-runs'!$A:$A, A3,'Data Combined - all-runs'!$B:$B, B3,'Data Combined - all-runs'!$C:$C, C3, 'Data Combined - all-runs'!$D:$D, D3, 'Data Combined - all-runs'!$E:$E, E3) -> 740 | R3: =AVERAGEIFS('Data Combined - all-runs'!$R:$R, 'Data Combined - all-runs'!$A:$A, A3,'Data Combined - all-runs'!$B:$B, B3,'Data Combined - all-runs'!$C:$C, C3, 'Data Combined - all-runs'!$D:$D, D3, 'Data Combined - all-runs'!$E:$E, E3) -> #DIV/0! | S3: =AVERAGEIFS('Data Combined - all-runs'!$S:$S, 'Data Combined - all-runs'!$A:$A, A3,'Data Combined - all-runs'!$B:$B, B3,'Data Combined - all-runs'!$C:$C, C3, 'Data Combined - all-runs'!$D:$D, D3, 'Data Combined - all-runs'!$E:$E, E3) -> 0.22162162 | T3: =AVERAGEIFS('Data Combined - all-runs'!$T:$T, 'Data Combined - all-runs'!$A:$A, A3,'Data Combined - all-runs'!$B:$B, B3,'Data Combined - all-runs'!$C:$C, C3, 'Data Combined - all-runs'!$D:$D, D3, 'Data Combined - all-runs'!$E:$E, E3) -> 0 | U3: =AND( ISNUMBER($H3), SUMPRODUCT( ($A$2:$A$433=$A3)* ($B$2:$B$433=$B3)* ($C$2:$C$433=IF($C3="Json","Natural","Json"))* ($D$2:$D$433=$D3)* ($E$2:$E$433=$E3)* ISNUMBER($H$2:$H$433) )>0 ) -> FALSE | V3: =AND( ISNUMBER($H3), OR($A3="Calls",$A3="Battery + Shelf"), SUMPRODUCT( ($A$2:$A$433=IF($A3="Calls","Battery + Shelf","Calls"))* ($B$2:$B$433=$B3)* ($C$2:$C$433=$C3)* ($D$2:$D$433=$D3)* ($E$2:$E$433=$E3)* ISNUMBER($H$2:$H$433) )>0 ) -> FALSE | W3: =AND( ISNUMBER($H3), OR( $A3="Calls", $A3="Battery + Shelf", $A3="Battery" ), SUMPRODUCT( ($A$2:$A$433="Calls")* ($B$2:$B$433=$B3)* ($C$2:$C$433=$C3)* ($D$2:$D$433=$D3)* ($E$2:$E$433=$E3)* ISNUMBER($H$2:$H$433) )>0, SUMPRODUCT( ($A$2:$A$433="Battery + Shelf")* ($B$2:$B$433=$B3)* ($C$2:$C$433=$C3)* ($D$2:$D$433=$D3)* ($E$2:$E$433=$E3)* ISNUMBER($H$2:$H$433) )>0, SUMPRODUCT( ($A$2:$A$433="Battery")* ($B$2:$B$433=$B3)* ($C$2:$C$433=$C3)* ($D$2:$D$433=$D3)* ($E$2:$E$433=$E3)* ISNUMBER($H$2:$H$433) )>0 ) -> TRUE
A4: Battery | B4: Centralized | C4: Natural | D4: llama 1b (3.2) | E4: small_agv_heavy_4v2 | H4: =AVERAGEIFS('Data Combined - all-runs'!$H:$H, 'Data Combined - all-runs'!$A:$A, A4,'Data Combined - all-runs'!$B:$B, B4,'Data Combined - all-runs'!$C:$C, C4, 'Data Combined - all-runs'!$D:$D, D4, 'Data Combined - all-runs'!$E:$E, E4) -> 752 | I4: =AVERAGEIFS('Data Combined - all-runs'!$I:$I, 'Data Combined - all-runs'!$A:$A, A4,'Data Combined - all-runs'!$B:$B, B4,'Data Combined - all-runs'!$C:$C, C4, 'Data Combined - all-runs'!$D:$D, D4, 'Data Combined - all-runs'!$E:$E, E4) -> 0 | J4: =AVERAGEIFS('Data Combined - all-runs'!$J:$J, 'Data Combined - all-runs'!$A:$A, A4,'Data Combined - all-runs'!$B:$B, B4,'Data Combined - all-runs'!$C:$C, C4, 'Data Combined - all-runs'!$D:$D, D4, 'Data Combined - all-runs'!$E:$E, E4) -> 401 | K4: =AVERAGEIFS('Data Combined - all-runs'!$K:$K, 'Data Combined - all-runs'!$A:$A, A4,'Data Combined - all-runs'!$B:$B, B4,'Data Combined - all-runs'!$C:$C, C4, 'Data Combined - all-runs'!$D:$D, D4, 'Data Combined - all-runs'!$E:$E, E4) -> 0.084530387 | L4: =AVERAGEIFS('Data Combined - all-runs'!$L:$L, 'Data Combined - all-runs'!$A:$A, A4,'Data Combined - all-runs'!$B:$B, B4,'Data Combined - all-runs'!$C:$C, C4, 'Data Combined - all-runs'!$D:$D, D4, 'Data Combined - all-runs'!$E:$E, E4) -> 1644.6051 | M4: =AVERAGEIFS('Data Combined - all-runs'!$M:$M, 'Data Combined - all-runs'!$A:$A, A4,'Data Combined - all-runs'!$B:$B, B4,'Data Combined - all-runs'!$C:$C, C4, 'Data Combined - all-runs'!$D:$D, D4, 'Data Combined - all-runs'!$E:$E, E4) -> 405 | N4: =AVERAGEIFS('Data Combined - all-runs'!$N:$N, 'Data Combined - all-runs'!$A:$A, A4,'Data Combined - all-runs'!$B:$B, B4,'Data Combined - all-runs'!$C:$C, C4, 'Data Combined - all-runs'!$D:$D, D4, 'Data Combined - all-runs'!$E:$E, E4) -> 1 | O4: =AVERAGEIFS('Data Combined - all-runs'!$O:$O, 'Data Combined - all-runs'!$A:$A, A4,'Data Combined - all-runs'!$B:$B, B4,'Data Combined - all-runs'!$C:$C, C4, 'Data Combined - all-runs'!$D:$D, D4, 'Data Combined - all-runs'!$E:$E, E4) -> 905 | P4: =AVERAGEIFS('Data Combined - all-runs'!$P:$P, 'Data Combined - all-runs'!$A:$A, A4,'Data Combined - all-runs'!$B:$B, B4,'Data Combined - all-runs'!$C:$C, C4, 'Data Combined - all-runs'!$D:$D, D4, 'Data Combined - all-runs'!$E:$E, E4) -> 1.1049724 | Q4: =AVERAGEIFS('Data Combined - all-runs'!$Q:$Q, 'Data Combined - all-runs'!$A:$A, A4,'Data Combined - all-runs'!$B:$B, B4,'Data Combined - all-runs'!$C:$C, C4, 'Data Combined - all-runs'!$D:$D, D4, 'Data Combined - all-runs'!$E:$E, E4) -> 830.93923 | R4: =AVERAGEIFS('Data Combined - all-runs'!$R:$R, 'Data Combined - all-runs'!$A:$A, A4,'Data Combined - all-runs'!$B:$B, B4,'Data Combined - all-runs'!$C:$C, C4, 'Data Combined - all-runs'!$D:$D, D4, 'Data Combined - all-runs'!$E:$E, E4) -> 752 | S4: =AVERAGEIFS('Data Combined - all-runs'!$S:$S, 'Data Combined - all-runs'!$A:$A, A4,'Data Combined - all-runs'!$B:$B, B4,'Data Combined - all-runs'!$C:$C, C4, 'Data Combined - all-runs'!$D:$D, D4, 'Data Combined - all-runs'!$E:$E, E4) -> 0.53324468 | T4: =AVERAGEIFS('Data Combined - all-runs'!$T:$T, 'Data Combined - all-runs'!$A:$A, A4,'Data Combined - all-runs'!$B:$B, B4,'Data Combined - all-runs'!$C:$C, C4, 'Data Combined - all-runs'!$D:$D, D4, 'Data Combined - all-runs'!$E:$E, E4) -> 0 | U4: =AND( ISNUMBER($H4), SUMPRODUCT( ($A$2:$A$433=$A4)* ($B$2:$B$433=$B4)* ($C$2:$C$433=IF($C4="Json","Natural","Json"))* ($D$2:$D$433=$D4)* ($E$2:$E$433=$E4)* ISNUMBER($H$2:$H$433) )>0 ) -> FALSE | V4: =AND( ISNUMBER($H4), OR($A4="Calls",$A4="Battery + Shelf"), SUMPRODUCT( ($A$2:$A$433=IF($A4="Calls","Battery + Shelf","Calls"))* ($B$2:$B$433=$B4)* ($C$2:$C$433=$C4)* ($D$2:$D$433=$D4)* ($E$2:$E$433=$E4)* ISNUMBER($H$2:$H$433) )>0 ) -> FALSE | W4: =AND( ISNUMBER($H4), OR( $A4="Calls", $A4="Battery + Shelf", $A4="Battery" ), SUMPRODUCT( ($A$2:$A$433="Calls")* ($B$2:$B$433=$B4)* ($C$2:$C$433=$C4)* ($D$2:$D$433=$D4)* ($E$2:$E$433=$E4)* ISNUMBER($H$2:$H$433) )>0, SUMPRODUCT( ($A$2:$A$433="Battery + Shelf")* ($B$2:$B$433=$B4)* ($C$2:$C$433=$C4)* ($D$2:$D$433=$D4)* ($E$2:$E$433=$E4)* ISNUMBER($H$2:$H$433) )>0, SUMPRODUCT( ($A$2:$A$433="Battery")* ($B$2:$B$433=$B4)* ($C$2:$C$433=$C4)* ($D$2:$D$433=$D4)* ($E$2:$E$433=$E4)* ISNUMBER($H$2:$H$433) )>0 ) -> TRUE
A5: Battery | B5: Centralized | C5: Natural | D5: llama 1b (3.2) | E5: small_picker_heavy_2v4 | H5: =AVERAGEIFS('Data Combined - all-runs'!$H:$H, 'Data Combined - all-runs'!$A:$A, A5,'Data Combined - all-runs'!$B:$B, B5,'Data Combined - all-runs'!$C:$C, C5, 'Data Combined - all-runs'!$D:$D, D5, 'Data Combined - all-runs'!$E:$E, E5) -> 418 | I5: =AVERAGEIFS('Data Combined - all-runs'!$I:$I, 'Data Combined - all-runs'!$A:$A, A5,'Data Combined - all-runs'!$B:$B, B5,'Data Combined - all-runs'!$C:$C, C5, 'Data Combined - all-runs'!$D:$D, D5, 'Data Combined - all-runs'!$E:$E, E5) -> 0 | J5: =AVERAGEIFS('Data Combined - all-runs'!$J:$J, 'Data Combined - all-runs'!$A:$A, A5,'Data Combined - all-runs'!$B:$B, B5,'Data Combined - all-runs'!$C:$C, C5, 'Data Combined - all-runs'!$D:$D, D5, 'Data Combined - all-runs'!$E:$E, E5) -> 124 | K5: =AVERAGEIFS('Data Combined - all-runs'!$K:$K, 'Data Combined - all-runs'!$A:$A, A5,'Data Combined - all-runs'!$B:$B, B5,'Data Combined - all-runs'!$C:$C, C5, 'Data Combined - all-runs'!$D:$D, D5, 'Data Combined - all-runs'!$E:$E, E5) -> 0.15733333 | L5: =AVERAGEIFS('Data Combined - all-runs'!$L:$L, 'Data Combined - all-runs'!$A:$A, A5,'Data Combined - all-runs'!$B:$B, B5,'Data Combined - all-runs'!$C:$C, C5, 'Data Combined - all-runs'!$D:$D, D5, 'Data Combined - all-runs'!$E:$E, E5) -> 908.72897 | M5: =AVERAGEIFS('Data Combined - all-runs'!$M:$M, 'Data Combined - all-runs'!$A:$A, A5,'Data Combined - all-runs'!$B:$B, B5,'Data Combined - all-runs'!$C:$C, C5, 'Data Combined - all-runs'!$D:$D, D5, 'Data Combined - all-runs'!$E:$E, E5) -> #DIV/0! | N5: =AVERAGEIFS('Data Combined - all-runs'!$N:$N, 'Data Combined - all-runs'!$A:$A, A5,'Data Combined - all-runs'!$B:$B, B5,'Data Combined - all-runs'!$C:$C, C5, 'Data Combined - all-runs'!$D:$D, D5, 'Data Combined - all-runs'!$E:$E, E5) -> 0 | O5: =AVERAGEIFS('Data Combined - all-runs'!$O:$O, 'Data Combined - all-runs'!$A:$A, A5,'Data Combined - all-runs'!$B:$B, B5,'Data Combined - all-runs'!$C:$C, C5, 'Data Combined - all-runs'!$D:$D, D5, 'Data Combined - all-runs'!$E:$E, E5) -> 500 | P5: =AVERAGEIFS('Data Combined - all-runs'!$P:$P, 'Data Combined - all-runs'!$A:$A, A5,'Data Combined - all-runs'!$B:$B, B5,'Data Combined - all-runs'!$C:$C, C5, 'Data Combined - all-runs'!$D:$D, D5, 'Data Combined - all-runs'!$E:$E, E5) -> 0 | Q5: =AVERAGEIFS('Data Combined - all-runs'!$Q:$Q, 'Data Combined - all-runs'!$A:$A, A5,'Data Combined - all-runs'!$B:$B, B5,'Data Combined - all-runs'!$C:$C, C5, 'Data Combined - all-runs'!$D:$D, D5, 'Data Combined - all-runs'!$E:$E, E5) -> 836 | R5: =AVERAGEIFS('Data Combined - all-runs'!$R:$R, 'Data Combined - all-runs'!$A:$A, A5,'Data Combined - all-runs'!$B:$B, B5,'Data Combined - all-runs'!$C:$C, C5, 'Data Combined - all-runs'!$D:$D, D5, 'Data Combined - all-runs'!$E:$E, E5) -> #DIV/0! | S5: =AVERAGEIFS('Data Combined - all-runs'!$S:$S, 'Data Combined - all-runs'!$A:$A, A5,'Data Combined - all-runs'!$B:$B, B5,'Data Combined - all-runs'!$C:$C, C5, 'Data Combined - all-runs'!$D:$D, D5, 'Data Combined - all-runs'!$E:$E, E5) -> 0.29665072 | T5: =AVERAGEIFS('Data Combined - all-runs'!$T:$T, 'Data Combined - all-runs'!$A:$A, A5,'Data Combined - all-runs'!$B:$B, B5,'Data Combined - all-runs'!$C:$C, C5, 'Data Combined - all-runs'!$D:$D, D5, 'Data Combined - all-runs'!$E:$E, E5) -> 0 | U5: =AND( ISNUMBER($H5), SUMPRODUCT( ($A$2:$A$433=$A5)* ($B$2:$B$433=$B5)* ($C$2:$C$433=IF($C5="Json","Natural","Json"))* ($D$2:$D$433=$D5)* ($E$2:$E$433=$E5)* ISNUMBER($H$2:$H$433) )>0 ) -> FALSE | V5: =AND( ISNUMBER($H5), OR($A5="Calls",$A5="Battery + Shelf"), SUMPRODUCT( ($A$2:$A$433=IF($A5="Calls","Battery + Shelf","Calls"))* ($B$2:$B$433=$B5)* ($C$2:$C$433=$C5)* ($D$2:$D$433=$D5)* ($E$2:$E$433=$E5)* ISNUMBER($H$2:$H$433) )>0 ) -> FALSE | W5: =AND( ISNUMBER($H5), OR( $A5="Calls", $A5="Battery + Shelf", $A5="Battery" ), SUMPRODUCT( ($A$2:$A$433="Calls")* ($B$2:$B$433=$B5)* ($C$2:$C$433=$C5)* ($D$2:$D$433=$D5)* ($E$2:$E$433=$E5)* ISNUMBER($H$2:$H$433) )>0, SUMPRODUCT( ($A$2:$A$433="Battery + Shelf")* ($B$2:$B$433=$B5)* ($C$2:$C$433=$C5)* ($D$2:$D$433=$D5)* ($E$2:$E$433=$E5)* ISNUMBER($H$2:$H$433) )>0, SUMPRODUCT( ($A$2:$A$433="Battery")* ($B$2:$B$433=$B5)* ($C$2:$C$433=$C5)* ($D$2:$D$433=$D5)* ($E$2:$E$433=$E5)* ISNUMBER($H$2:$H$433) )>0 ) -> TRUE
A6: Battery | B6: Centralized | C6: Natural | D6: llama 1b (3.2) | E6: medium_balanced_4v4 | H6: =AVERAGEIFS('Data Combined - all-runs'!$H:$H, 'Data Combined - all-runs'!$A:$A, A6,'Data Combined - all-runs'!$B:$B, B6,'Data Combined - all-runs'!$C:$C, C6, 'Data Combined - all-runs'!$D:$D, D6, 'Data Combined - all-runs'!$E:$E, E6) -> 628 | I6: =AVERAGEIFS('Data Combined - all-runs'!$I:$I, 'Data Combined - all-runs'!$A:$A, A6,'Data Combined - all-runs'!$B:$B, B6,'Data Combined - all-runs'!$C:$C, C6, 'Data Combined - all-runs'!$D:$D, D6, 'Data Combined - all-runs'!$E:$E, E6) -> 0 | J6: =AVERAGEIFS('Data Combined - all-runs'!$J:$J, 'Data Combined - all-runs'!$A:$A, A6,'Data Combined - all-runs'!$B:$B, B6,'Data Combined - all-runs'!$C:$C, C6, 'Data Combined - all-runs'!$D:$D, D6, 'Data Combined - all-runs'!$E:$E, E6) -> 302 | K6: =AVERAGEIFS('Data Combined - all-runs'!$K:$K, 'Data Combined - all-runs'!$A:$A, A6,'Data Combined - all-runs'!$B:$B, B6,'Data Combined - all-runs'!$C:$C, C6, 'Data Combined - all-runs'!$D:$D, D6, 'Data Combined - all-runs'!$E:$E, E6) -> 0.12220149 | L6: =AVERAGEIFS('Data Combined - all-runs'!$L:$L, 'Data Combined - all-runs'!$A:$A, A6,'Data Combined - all-runs'!$B:$B, B6,'Data Combined - all-runs'!$C:$C, C6, 'Data Combined - all-runs'!$D:$D, D6, 'Data Combined - all-runs'!$E:$E, E6) -> 1656.1751 | M6: =AVERAGEIFS('Data Combined - all-runs'!$M:$M, 'Data Combined - all-runs'!$A:$A, A6,'Data Combined - all-runs'!$B:$B, B6,'Data Combined - all-runs'!$C:$C, C6, 'Data Combined - all-runs'!$D:$D, D6, 'Data Combined - all-runs'!$E:$E, E6) -> 170 | N6: =AVERAGEIFS('Data Combined - all-runs'!$N:$N, 'Data Combined - all-runs'!$A:$A, A6,'Data Combined - all-runs'!$B:$B, B6,'Data Combined - all-runs'!$C:$C, C6, 'Data Combined - all-runs'!$D:$D, D6, 'Data Combined - all-runs'!$E:$E, E6) -> 1 | O6: =AVERAGEIFS('Data Combined - all-runs'!$O:$O, 'Data Combined - all-runs'!$A:$A, A6,'Data Combined - all-runs'!$B:$B, B6,'Data Combined - all-runs'!$C:$C, C6, 'Data Combined - all-runs'!$D:$D, D6, 'Data Combined - all-runs'!$E:$E, E6) -> 670 | P6: =AVERAGEIFS('Data Combined - all-runs'!$P:$P, 'Data Combined - all-runs'!$A:$A, A6,'Data Combined - all-runs'!$B:$B, B6,'Data Combined - all-runs'!$C:$C, C6, 'Data Combined - all-runs'!$D:$D, D6, 'Data Combined - all-runs'!$E:$E, E6) -> 1.4925373 | Q6: =AVERAGEIFS('Data Combined - all-runs'!$Q:$Q, 'Data Combined - all-runs'!$A:$A, A6,'Data Combined - all-runs'!$B:$B, B6,'Data Combined - all-runs'!$C:$C, C6, 'Data Combined - all-runs'!$D:$D, D6, 'Data Combined - all-runs'!$E:$E, E6) -> 937.31343 | R6: =AVERAGEIFS('Data Combined - all-runs'!$R:$R, 'Data Combined - all-runs'!$A:$A, A6,'Data Combined - all-runs'!$B:$B, B6,'Data Combined - all-runs'!$C:$C, C6, 'Data Combined - all-runs'!$D:$D, D6, 'Data Combined - all-runs'!$E:$E, E6) -> 628 | S6: =AVERAGEIFS('Data Combined - all-runs'!$S:$S, 'Data Combined - all-runs'!$A:$A, A6,'Data Combined - all-runs'!$B:$B, B6,'Data Combined - all-runs'!$C:$C, C6, 'Data Combined - all-runs'!$D:$D, D6, 'Data Combined - all-runs'!$E:$E, E6) -> 0.48089172 | T6: =AVERAGEIFS('Data Combined - all-runs'!$T:$T, 'Data Combined - all-runs'!$A:$A, A6,'Data Combined - all-runs'!$B:$B, B6,'Data Combined - all-runs'!$C:$C, C6, 'Data Combined - all-runs'!$D:$D, D6, 'Data Combined - all-runs'!$E:$E, E6) -> 0 | U6: =AND( ISNUMBER($H6), SUMPRODUCT( ($A$2:$A$433=$A6)* ($B$2:$B$433=$B6)* ($C$2:$C$433=IF($C6="Json","Natural","Json"))* ($D$2:$D$433=$D6)* ($E$2:$E$433=$E6)* ISNUMBER($H$2:$H$433) )>0 ) -> FALSE | V6: =AND( ISNUMBER($H6), OR($A6="Calls",$A6="Battery + Shelf"), SUMPRODUCT( ($A$2:$A$433=IF($A6="Calls","Battery + Shelf","Calls"))* ($B$2:$B$433=$B6)* ($C$2:$C$433=$C6)* ($D$2:$D$433=$D6)* ($E$2:$E$433=$E6)* ISNUMBER($H$2:$H$433) )>0 ) -> FALSE | W6: =AND( ISNUMBER($H6), OR( $A6="Calls", $A6="Battery + Shelf", $A6="Battery" ), SUMPRODUCT( ($A$2:$A$433="Calls")* ($B$2:$B$433=$B6)* ($C$2:$C$433=$C6)* ($D$2:$D$433=$D6)* ($E$2:$E$433=$E6)* ISNUMBER($H$2:$H$433) )>0, SUMPRODUCT( ($A$2:$A$433="Battery + Shelf")* ($B$2:$B$433=$B6)* ($C$2:$C$433=$C6)* ($D$2:$D$433=$D6)* ($E$2:$E$433=$E6)* ISNUMBER($H$2:$H$433) )>0, SUMPRODUCT( ($A$2:$A$433="Battery")* ($B$2:$B$433=$B6)* ($C$2:$C$433=$C6)* ($D$2:$D$433=$D6)* ($E$2:$E$433=$E6)* ISNUMBER($H$2:$H$433) )>0 ) -> TRUE
A7: Battery | B7: Centralized | C7: Natural | D7: llama 1b (3.2) | E7: medium_agv_heavy_6v2 | H7: =AVERAGEIFS('Data Combined - all-runs'!$H:$H, 'Data Combined - all-runs'!$A:$A, A7,'Data Combined - all-runs'!$B:$B, B7,'Data Combined - all-runs'!$C:$C, C7, 'Data Combined - all-runs'!$D:$D, D7, 'Data Combined - all-runs'!$E:$E, E7) -> 819 | I7: =AVERAGEIFS('Data Combined - all-runs'!$I:$I, 'Data Combined - all-runs'!$A:$A, A7,'Data Combined - all-runs'!$B:$B, B7,'Data Combined - all-runs'!$C:$C, C7, 'Data Combined - all-runs'!$D:$D, D7, 'Data Combined - all-runs'!$E:$E, E7) -> 0 | J7: =AVERAGEIFS('Data Combined - all-runs'!$J:$J, 'Data Combined - all-runs'!$A:$A, A7,'Data Combined - all-runs'!$B:$B, B7,'Data Combined - all-runs'!$C:$C, C7, 'Data Combined - all-runs'!$D:$D, D7, 'Data Combined - all-runs'!$E:$E, E7) -> 649 | K7: =AVERAGEIFS('Data Combined - all-runs'!$K:$K, 'Data Combined - all-runs'!$A:$A, A7,'Data Combined - all-runs'!$B:$B, B7,'Data Combined - all-runs'!$C:$C, C7, 'Data Combined - all-runs'!$D:$D, D7, 'Data Combined - all-runs'!$E:$E, E7) -> 0.091561424 | L7: =AVERAGEIFS('Data Combined - all-runs'!$L:$L, 'Data Combined - all-runs'!$A:$A, A7,'Data Combined - all-runs'!$B:$B, B7,'Data Combined - all-runs'!$C:$C, C7, 'Data Combined - all-runs'!$D:$D, D7, 'Data Combined - all-runs'!$E:$E, E7) -> 1986.8931 | M7: =AVERAGEIFS('Data Combined - all-runs'!$M:$M, 'Data Combined - all-runs'!$A:$A, A7,'Data Combined - all-runs'!$B:$B, B7,'Data Combined - all-runs'!$C:$C, C7, 'Data Combined - all-runs'!$D:$D, D7, 'Data Combined - all-runs'!$E:$E, E7) -> 312 | N7: =AVERAGEIFS('Data Combined - all-runs'!$N:$N, 'Data Combined - all-runs'!$A:$A, A7,'Data Combined - all-runs'!$B:$B, B7,'Data Combined - all-runs'!$C:$C, C7, 'Data Combined - all-runs'!$D:$D, D7, 'Data Combined - all-runs'!$E:$E, E7) -> 2 | O7: =AVERAGEIFS('Data Combined - all-runs'!$O:$O, 'Data Combined - all-runs'!$A:$A, A7,'Data Combined - all-runs'!$B:$B, B7,'Data Combined - all-runs'!$C:$C, C7, 'Data Combined - all-runs'!$D:$D, D7, 'Data Combined - all-runs'!$E:$E, E7) -> 871 | P7: =AVERAGEIFS('Data Combined - all-runs'!$P:$P, 'Data Combined - all-runs'!$A:$A, A7,'Data Combined - all-runs'!$B:$B, B7,'Data Combined - all-runs'!$C:$C, C7, 'Data Combined - all-runs'!$D:$D, D7, 'Data Combined - all-runs'!$E:$E, E7) -> 2.2962113 | Q7: =AVERAGEIFS('Data Combined - all-runs'!$Q:$Q, 'Data Combined - all-runs'!$A:$A, A7,'Data Combined - all-runs'!$B:$B, B7,'Data Combined - all-runs'!$C:$C, C7, 'Data Combined - all-runs'!$D:$D, D7, 'Data Combined - all-runs'!$E:$E, E7) -> 940.29851 | R7: =AVERAGEIFS('Data Combined - all-runs'!$R:$R, 'Data Combined - all-runs'!$A:$A, A7,'Data Combined - all-runs'!$B:$B, B7,'Data Combined - all-runs'!$C:$C, C7, 'Data Combined - all-runs'!$D:$D, D7, 'Data Combined - all-runs'!$E:$E, E7) -> 409.5 | S7: =AVERAGEIFS('Data Combined - all-runs'!$S:$S, 'Data Combined - all-runs'!$A:$A, A7,'Data Combined - all-runs'!$B:$B, B7,'Data Combined - all-runs'!$C:$C, C7, 'Data Combined - all-runs'!$D:$D, D7, 'Data Combined - all-runs'!$E:$E, E7) -> 0.79242979 | T7: =AVERAGEIFS('Data Combined - all-runs'!$T:$T, 'Data Combined - all-runs'!$A:$A, A7,'Data Combined - all-runs'!$B:$B, B7,'Data Combined - all-runs'!$C:$C, C7, 'Data Combined - all-runs'!$D:$D, D7, 'Data Combined - all-runs'!$E:$E, E7) -> 0 | U7: =AND( ISNUMBER($H7), SUMPRODUCT( ($A$2:$A$433=$A7)* ($B$2:$B$433=$B7)* ($C$2:$C$433=IF($C7="Json","Natural","Json"))* ($D$2:$D$433=$D7)* ($E$2:$E$433=$E7)* ISNUMBER($H$2:$H$433) )>0 ) -> FALSE | V7: =AND( ISNUMBER($H7), OR($A7="Calls",$A7="Battery + Shelf"), SUMPRODUCT( ($A$2:$A$433=IF($A7="Calls","Battery + Shelf","Calls"))* ($B$2:$B$433=$B7)* ($C$2:$C$433=$C7)* ($D$2:$D$433=$D7)* ($E$2:$E$433=$E7)* ISNUMBER($H$2:$H$433) )>0 ) -> FALSE | W7: =AND( ISNUMBER($H7), OR( $A7="Calls", $A7="Battery + Shelf", $A7="Battery" ), SUMPRODUCT( ($A$2:$A$433="Calls")* ($B$2:$B$433=$B7)* ($C$2:$C$433=$C7)* ($D$2:$D$433=$D7)* ($E$2:$E$433=$E7)* ISNUMBER($H$2:$H$433) )>0, SUMPRODUCT( ($A$2:$A$433="Battery + Shelf")* ($B$2:$B$433=$B7)* ($C$2:$C$433=$C7)* ($D$2:$D$433=$D7)* ($E$2:$E$433=$E7)* ISNUMBER($H$2:$H$433) )>0, SUMPRODUCT( ($A$2:$A$433="Battery")* ($B$2:$B$433=$B7)* ($C$2:$C$433=$C7)* ($D$2:$D$433=$D7)* ($E$2:$E$433=$E7)* ISNUMBER($H$2:$H$433) )>0 ) -> TRUE
A8: Battery | B8: Centralized | C8: Natural | D8: llama 3b (3.2) | E8: tiny_balanced_1v1 | H8: =AVERAGEIFS('Data Combined - all-runs'!$H:$H, 'Data Combined - all-runs'!$A:$A, A8,'Data Combined - all-runs'!$B:$B, B8,'Data Combined - all-runs'!$C:$C, C8, 'Data Combined - all-runs'!$D:$D, D8, 'Data Combined - all-runs'!$E:$E, E8) -> 404.5 | I8: =AVERAGEIFS('Data Combined - all-runs'!$I:$I, 'Data Combined - all-runs'!$A:$A, A8,'Data Combined - all-runs'!$B:$B, B8,'Data Combined - all-runs'!$C:$C, C8, 'Data Combined - all-runs'!$D:$D, D8, 'Data Combined - all-runs'!$E:$E, E8) -> 0 | J8: =AVERAGEIFS('Data Combined - all-runs'!$J:$J, 'Data Combined - all-runs'!$A:$A, A8,'Data Combined - all-runs'!$B:$B, B8,'Data Combined - all-runs'!$C:$C, C8, 'Data Combined - all-runs'!$D:$D, D8, 'Data Combined - all-runs'!$E:$E, E8) -> 48 | K8: =AVERAGEIFS('Data Combined - all-runs'!$K:$K, 'Data Combined - all-runs'!$A:$A, A8,'Data Combined - all-runs'!$B:$B, B8,'Data Combined - all-runs'!$C:$C, C8, 'Data Combined - all-runs'!$D:$D, D8, 'Data Combined - all-runs'!$E:$E, E8) -> 0.1312754 | L8: =AVERAGEIFS('Data Combined - all-runs'!$L:$L, 'Data Combined - all-runs'!$A:$A, A8,'Data Combined - all-runs'!$B:$B, B8,'Data Combined - all-runs'!$C:$C, C8, 'Data Combined - all-runs'!$D:$D, D8, 'Data Combined - all-runs'!$E:$E, E8) -> 7436.2959 | M8: =AVERAGEIFS('Data Combined - all-runs'!$M:$M, 'Data Combined - all-runs'!$A:$A, A8,'Data Combined - all-runs'!$B:$B, B8,'Data Combined - all-runs'!$C:$C, C8, 'Data Combined - all-runs'!$D:$D, D8, 'Data Combined - all-runs'!$E:$E, E8) -> 317 | N8: =AVERAGEIFS('Data Combined - all-runs'!$N:$N, 'Data Combined - all-runs'!$A:$A, A8,'Data Combined - all-runs'!$B:$B, B8,'Data Combined - all-runs'!$C:$C, C8, 'Data Combined - all-runs'!$D:$D, D8, 'Data Combined - all-runs'!$E:$E, E8) -> 0.5 | O8: =AVERAGEIFS('Data Combined - all-runs'!$O:$O, 'Data Combined - all-runs'!$A:$A, A8,'Data Combined - all-runs'!$B:$B, B8,'Data Combined - all-runs'!$C:$C, C8, 'Data Combined - all-runs'!$D:$D, D8, 'Data Combined - all-runs'!$E:$E, E8) -> 658.5 | P8: =AVERAGEIFS('Data Combined - all-runs'!$P:$P, 'Data Combined - all-runs'!$A:$A, A8,'Data Combined - all-runs'!$B:$B, B8,'Data Combined - all-runs'!$C:$C, C8, 'Data Combined - all-runs'!$D:$D, D8, 'Data Combined - all-runs'!$E:$E, E8) -> 0.6119951 | Q8: =AVERAGEIFS('Data Combined - all-runs'!$Q:$Q, 'Data Combined - all-runs'!$A:$A, A8,'Data Combined - all-runs'!$B:$B, B8,'Data Combined - all-runs'!$C:$C, C8, 'Data Combined - all-runs'!$D:$D, D8, 'Data Combined - all-runs'!$E:$E, E8) -> 634.7858 | R8: =AVERAGEIFS('Data Combined - all-runs'!$R:$R, 'Data Combined - all-runs'!$A:$A, A8,'Data Combined - all-runs'!$B:$B, B8,'Data Combined - all-runs'!$C:$C, C8, 'Data Combined - all-runs'!$D:$D, D8, 'Data Combined - all-runs'!$E:$E, E8) -> 449 | S8: =AVERAGEIFS('Data Combined - all-runs'!$S:$S, 'Data Combined - all-runs'!$A:$A, A8,'Data Combined - all-runs'!$B:$B, B8,'Data Combined - all-runs'!$C:$C, C8, 'Data Combined - all-runs'!$D:$D, D8, 'Data Combined - all-runs'!$E:$E, E8) -> 0.12397303 | T8: =AVERAGEIFS('Data Combined - all-runs'!$T:$T, 'Data Combined - all-runs'!$A:$A, A8,'Data Combined - all-runs'!$B:$B, B8,'Data Combined - all-runs'!$C:$C, C8, 'Data Combined - all-runs'!$D:$D, D8, 'Data Combined - all-runs'!$E:$E, E8) -> 0 | U8: =AND( ISNUMBER($H8), SUMPRODUCT( ($A$2:$A$433=$A8)* ($B$2:$B$433=$B8)* ($C$2:$C$433=IF($C8="Json","Natural","Json"))* ($D$2:$D$433=$D8)* ($E$2:$E$433=$E8)* ISNUMBER($H$2:$H$433) )>0 ) -> FALSE | V8: =AND( ISNUMBER($H8), OR($A8="Calls",$A8="Battery + Shelf"), SUMPRODUCT( ($A$2:$A$433=IF($A8="Calls","Battery + Shelf","Calls"))* ($B$2:$B$433=$B8)* ($C$2:$C$433=$C8)* ($D$2:$D$433=$D8)* ($E$2:$E$433=$E8)* ISNUMBER($H$2:$H$433) )>0 ) -> FALSE | W8: =AND( ISNUMBER($H8), OR( $A8="Calls", $A8="Battery + Shelf", $A8="Battery" ), SUMPRODUCT( ($A$2:$A$433="Calls")* ($B$2:$B$433=$B8)* ($C$2:$C$433=$C8)* ($D$2:$D$433=$D8)* ($E$2:$E$433=$E8)* ISNUMBER($H$2:$H$433) )>0, SUMPRODUCT( ($A$2:$A$433="Battery + Shelf")* ($B$2:$B$433=$B8)* ($C$2:$C$433=$C8)* ($D$2:$D$433=$D8)* ($E$2:$E$433=$E8)* ISNUMBER($H$2:$H$433) )>0, SUMPRODUCT( ($A$2:$A$433="Battery")* ($B$2:$B$433=$B8)* ($C$2:$C$433=$C8)* ($D$2:$D$433=$D8)* ($E$2:$E$433=$E8)* ISNUMBER($H$2:$H$433) )>0 ) -> TRUE
A9: Battery | B9: Centralized | C9: Natural | D9: llama 3b (3.2) | E9: small_balanced_2v2 | H9: =AVERAGEIFS('Data Combined - all-runs'!$H:$H, 'Data Combined - all-runs'!$A:$A, A9,'Data Combined - all-runs'!$B:$B, B9,'Data Combined - all-runs'!$C:$C, C9, 'Data Combined - all-runs'!$D:$D, D9, 'Data Combined - all-runs'!$E:$E, E9) -> 617 | I9: =AVERAGEIFS('Data Combined - all-runs'!$I:$I, 'Data Combined - all-runs'!$A:$A, A9,'Data Combined - all-runs'!$B:$B, B9,'Data Combined - all-runs'!$C:$C, C9, 'Data Combined - all-runs'!$D:$D, D9, 'Data Combined - all-runs'!$E:$E, E9) -> 0 | J9: =AVERAGEIFS('Data Combined - all-runs'!$J:$J, 'Data Combined - all-runs'!$A:$A, A9,'Data Combined - all-runs'!$B:$B, B9,'Data Combined - all-runs'!$C:$C, C9, 'Data Combined - all-runs'!$D:$D, D9, 'Data Combined - all-runs'!$E:$E, E9) -> 597 | K9: =AVERAGEIFS('Data Combined - all-runs'!$K:$K, 'Data Combined - all-runs'!$A:$A, A9,'Data Combined - all-runs'!$B:$B, B9,'Data Combined - all-runs'!$C:$C, C9, 'Data Combined - all-runs'!$D:$D, D9, 'Data Combined - all-runs'!$E:$E, E9) -> 0.20883413 | L9: =AVERAGEIFS('Data Combined - all-runs'!$L:$L, 'Data Combined - all-runs'!$A:$A, A9,'Data Combined - all-runs'!$B:$B, B9,'Data Combined - all-runs'!$C:$C, C9, 'Data Combined - all-runs'!$D:$D, D9, 'Data Combined - all-runs'!$E:$E, E9) -> 3628.4922 | M9: =AVERAGEIFS('Data Combined - all-runs'!$M:$M, 'Data Combined - all-runs'!$A:$A, A9,'Data Combined - all-runs'!$B:$B, B9,'Data Combined - all-runs'!$C:$C, C9, 'Data Combined - all-runs'!$D:$D, D9, 'Data Combined - all-runs'!$E:$E, E9) -> 322 | N9: =AVERAGEIFS('Data Combined - all-runs'!$N:$N, 'Data Combined - all-runs'!$A:$A, A9,'Data Combined - all-runs'!$B:$B, B9,'Data Combined - all-runs'!$C:$C, C9, 'Data Combined - all-runs'!$D:$D, D9, 'Data Combined - all-runs'!$E:$E, E9) -> 2 | O9: =AVERAGEIFS('Data Combined - all-runs'!$O:$O, 'Data Combined - all-runs'!$A:$A, A9,'Data Combined - all-runs'!$B:$B, B9,'Data Combined - all-runs'!$C:$C, C9, 'Data Combined - all-runs'!$D:$D, D9, 'Data Combined - all-runs'!$E:$E, E9) -> 832 | P9: =AVERAGEIFS('Data Combined - all-runs'!$P:$P, 'Data Combined - all-runs'!$A:$A, A9,'Data Combined - all-runs'!$B:$B, B9,'Data Combined - all-runs'!$C:$C, C9, 'Data Combined - all-runs'!$D:$D, D9, 'Data Combined - all-runs'!$E:$E, E9) -> 2.4038462 | Q9: =AVERAGEIFS('Data Combined - all-runs'!$Q:$Q, 'Data Combined - all-runs'!$A:$A, A9,'Data Combined - all-runs'!$B:$B, B9,'Data Combined - all-runs'!$C:$C, C9, 'Data Combined - all-runs'!$D:$D, D9, 'Data Combined - all-runs'!$E:$E, E9) -> 741.58654 | R9: =AVERAGEIFS('Data Combined - all-runs'!$R:$R, 'Data Combined - all-runs'!$A:$A, A9,'Data Combined - all-runs'!$B:$B, B9,'Data Combined - all-runs'!$C:$C, C9, 'Data Combined - all-runs'!$D:$D, D9, 'Data Combined - all-runs'!$E:$E, E9) -> 308.5 | S9: =AVERAGEIFS('Data Combined - all-runs'!$S:$S, 'Data Combined - all-runs'!$A:$A, A9,'Data Combined - all-runs'!$B:$B, B9,'Data Combined - all-runs'!$C:$C, C9, 'Data Combined - all-runs'!$D:$D, D9, 'Data Combined - all-runs'!$E:$E, E9) -> 0.96758509 | T9: =AVERAGEIFS('Data Combined - all-runs'!$T:$T, 'Data Combined - all-runs'!$A:$A, A9,'Data Combined - all-runs'!$B:$B, B9,'Data Combined - all-runs'!$C:$C, C9, 'Data Combined - all-runs'!$D:$D, D9, 'Data Combined - all-runs'!$E:$E, E9) -> 0 | U9: =AND( ISNUMBER($H9), SUMPRODUCT( ($A$2:$A$433=$A9)* ($B$2:$B$433=$B9)* ($C$2:$C$433=IF($C9="Json","Natural","Json"))* ($D$2:$D$433=$D9)* ($E$2:$E$433=$E9)* ISNUMBER($H$2:$H$433) )>0 ) -> FALSE | V9: =AND( ISNUMBER($H9), OR($A9="Calls",$A9="Battery + Shelf"), SUMPRODUCT( ($A$2:$A$433=IF($A9="Calls","Battery + Shelf","Calls"))* ($B$2:$B$433=$B9)* ($C$2:$C$433=$C9)* ($D$2:$D$433=$D9)* ($E$2:$E$433=$E9)* ISNUMBER($H$2:$H$433) )>0 ) -> FALSE | W9: =AND( ISNUMBER($H9), OR( $A9="Calls", $A9="Battery + Shelf", $A9="Battery" ), SUMPRODUCT( ($A$2:$A$433="Calls")* ($B$2:$B$433=$B9)* ($C$2:$C$433=$C9)* ($D$2:$D$433=$D9)* ($E$2:$E$433=$E9)* ISNUMBER($H$2:$H$433) )>0, SUMPRODUCT( ($A$2:$A$433="Battery + Shelf")* ($B$2:$B$433=$B9)* ($C$2:$C$433=$C9)* ($D$2:$D$433=$D9)* ($E$2:$E$433=$E9)* ISNUMBER($H$2:$H$433) )>0, SUMPRODUCT( ($A$2:$A$433="Battery")* ($B$2:$B$433=$B9)* ($C$2:$C$433=$C9)* ($D$2:$D$433=$D9)* ($E$2:$E$433=$E9)* ISNUMBER($H$2:$H$433) )>0 ) -> TRUE
A10: Battery | B10: Centralized | C10: Natural | D10: llama 3b (3.2) | E10: small_agv_heavy_4v2 | H10: =AVERAGEIFS('Data Combined - all-runs'!$H:$H, 'Data Combined - all-runs'!$A:$A, A10,'Data Combined - all-runs'!$B:$B, B10,'Data Combined - all-runs'!$C:$C, C10, 'Data Combined - all-runs'!$D:$D, D10, 'Data Combined - all-runs'!$E:$E, E10) -> 1492 | I10: =AVERAGEIFS('Data Combined - all-runs'!$I:$I, 'Data Combined - all-runs'!$A:$A, A10,'Data Combined - all-runs'!$B:$B, B10,'Data Combined - all-runs'!$C:$C, C10, 'Data Combined - all-runs'!$D:$D, D10, 'Data Combined - all-runs'!$E:$E, E10) -> 0 | J10: =AVERAGEIFS('Data Combined - all-runs'!$J:$J, 'Data Combined - all-runs'!$A:$A, A10,'Data Combined - all-runs'!$B:$B, B10,'Data Combined - all-runs'!$C:$C, C10, 'Data Combined - all-runs'!$D:$D, D10, 'Data Combined - all-runs'!$E:$E, E10) -> 350 | K10: =AVERAGEIFS('Data Combined - all-runs'!$K:$K, 'Data Combined - all-runs'!$A:$A, A10,'Data Combined - all-runs'!$B:$B, B10,'Data Combined - all-runs'!$C:$C, C10, 'Data Combined - all-runs'!$D:$D, D10, 'Data Combined - all-runs'!$E:$E, E10) -> 0.14158249 | L10: =AVERAGEIFS('Data Combined - all-runs'!$L:$L, 'Data Combined - all-runs'!$A:$A, A10,'Data Combined - all-runs'!$B:$B, B10,'Data Combined - all-runs'!$C:$C, C10, 'Data Combined - all-runs'!$D:$D, D10, 'Data Combined - all-runs'!$E:$E, E10) -> 9455.9374 | M10: =AVERAGEIFS('Data Combined - all-runs'!$M:$M, 'Data Combined - all-runs'!$A:$A, A10,'Data Combined - all-runs'!$B:$B, B10,'Data Combined - all-runs'!$C:$C, C10, 'Data Combined - all-runs'!$D:$D, D10, 'Data Combined - all-runs'!$E:$E, E10) -> 130 | N10: =AVERAGEIFS('Data Combined - all-runs'!$N:$N, 'Data Combined - all-runs'!$A:$A, A10,'Data Combined - all-runs'!$B:$B, B10,'Data Combined - all-runs'!$C:$C, C10, 'Data Combined - all-runs'!$D:$D, D10, 'Data Combined - all-runs'!$E:$E, E10) -> 20 | O10: =AVERAGEIFS('Data Combined - all-runs'!$O:$O, 'Data Combined - all-runs'!$A:$A, A10,'Data Combined - all-runs'!$B:$B, B10,'Data Combined - all-runs'!$C:$C, C10, 'Data Combined - all-runs'!$D:$D, D10, 'Data Combined - all-runs'!$E:$E, E10) -> 1980 | P10: =AVERAGEIFS('Data Combined - all-runs'!$P:$P, 'Data Combined - all-runs'!$A:$A, A10,'Data Combined - all-runs'!$B:$B, B10,'Data Combined - all-runs'!$C:$C, C10, 'Data Combined - all-runs'!$D:$D, D10, 'Data Combined - all-runs'!$E:$E, E10) -> 10.10101 | Q10: =AVERAGEIFS('Data Combined - all-runs'!$Q:$Q, 'Data Combined - all-runs'!$A:$A, A10,'Data Combined - all-runs'!$B:$B, B10,'Data Combined - all-runs'!$C:$C, C10, 'Data Combined - all-runs'!$D:$D, D10, 'Data Combined - all-runs'!$E:$E, E10) -> 753.53535 | R10: =AVERAGEIFS('Data Combined - all-runs'!$R:$R, 'Data Combined - all-runs'!$A:$A, A10,'Data Combined - all-runs'!$B:$B, B10,'Data Combined - all-runs'!$C:$C, C10, 'Data Combined - all-runs'!$D:$D, D10, 'Data Combined - all-runs'!$E:$E, E10) -> 74.6 | S10: =AVERAGEIFS('Data Combined - all-runs'!$S:$S, 'Data Combined - all-runs'!$A:$A, A10,'Data Combined - all-runs'!$B:$B, B10,'Data Combined - all-runs'!$C:$C, C10, 'Data Combined - all-runs'!$D:$D, D10, 'Data Combined - all-runs'!$E:$E, E10) -> 0.23458445 | T10: =AVERAGEIFS('Data Combined - all-runs'!$T:$T, 'Data Combined - all-runs'!$A:$A, A10,'Data Combined - all-runs'!$B:$B, B10,'Data Combined - all-runs'!$C:$C, C10, 'Data Combined - all-runs'!$D:$D, D10, 'Data Combined - all-runs'!$E:$E, E10) -> 0 | U10: =AND( ISNUMBER($H10), SUMPRODUCT( ($A$2:$A$433=$A10)* ($B$2:$B$433=$B10)* ($C$2:$C$433=IF($C10="Json","Natural","Json"))* ($D$2:$D$433=$D10)* ($E$2:$E$433=$E10)* ISNUMBER($H$2:$H$433) )>0 ) -> FALSE | V10: =AND( ISNUMBER($H10), OR($A10="Calls",$A10="Battery + Shelf"), SUMPRODUCT( ($A$2:$A$433=IF($A10="Calls","Battery + Shelf","Calls"))* ($B$2:$B$433=$B10)* ($C$2:$C$433=$C10)* ($D$2:$D$433=$D10)* ($E$2:$E$433=$E10)* ISNUMBER($H$2:$H$433) )>0 ) -> FALSE | W10: =AND( ISNUMBER($H10), OR( $A10="Calls", $A10="Battery + Shelf", $A10="Battery" ), SUMPRODUCT( ($A$2:$A$433="Calls")* ($B$2:$B$433=$B10)* ($C$2:$C$433=$C10)* ($D$2:$D$433=$D10)* ($E$2:$E$433=$E10)* ISNUMBER($H$2:$H$433) )>0, SUMPRODUCT( ($A$2:$A$433="Battery + Shelf")* ($B$2:$B$433=$B10)* ($C$2:$C$433=$C10)* ($D$2:$D$433=$D10)* ($E$2:$E$433=$E10)* ISNUMBER($H$2:$H$433) )>0, SUMPRODUCT( ($A$2:$A$433="Battery")* ($B$2:$B$433=$B10)* ($C$2:$C$433=$C10)* ($D$2:$D$433=$D10)* ($E$2:$E$433=$E10)* ISNUMBER($H$2:$H$433) )>0 ) -> TRUE
A11: Battery | B11: Centralized | C11: Natural | D11: llama 3b (3.2) | E11: small_picker_heavy_2v4 | H11: =AVERAGEIFS('Data Combined - all-runs'!$H:$H, 'Data Combined - all-runs'!$A:$A, A11,'Data Combined - all-runs'!$B:$B, B11,'Data Combined - all-runs'!$C:$C, C11, 'Data Combined - all-runs'!$D:$D, D11, 'Data Combined - all-runs'!$E:$E, E11) -> 1912 | I11: =AVERAGEIFS('Data Combined - all-runs'!$I:$I, 'Data Combined - all-runs'!$A:$A, A11,'Data Combined - all-runs'!$B:$B, B11,'Data Combined - all-runs'!$C:$C, C11, 'Data Combined - all-runs'!$D:$D, D11, 'Data Combined - all-runs'!$E:$E, E11) -> 0 | J11: =AVERAGEIFS('Data Combined - all-runs'!$J:$J, 'Data Combined - all-runs'!$A:$A, A11,'Data Combined - all-runs'!$B:$B, B11,'Data Combined - all-runs'!$C:$C, C11, 'Data Combined - all-runs'!$D:$D, D11, 'Data Combined - all-runs'!$E:$E, E11) -> 889 | K11: =AVERAGEIFS('Data Combined - all-runs'!$K:$K, 'Data Combined - all-runs'!$A:$A, A11,'Data Combined - all-runs'!$B:$B, B11,'Data Combined - all-runs'!$C:$C, C11, 'Data Combined - all-runs'!$D:$D, D11, 'Data Combined - all-runs'!$E:$E, E11) -> 0.20142563 | L11: =AVERAGEIFS('Data Combined - all-runs'!$L:$L, 'Data Combined - all-runs'!$A:$A, A11,'Data Combined - all-runs'!$B:$B, B11,'Data Combined - all-runs'!$C:$C, C11, 'Data Combined - all-runs'!$D:$D, D11, 'Data Combined - all-runs'!$E:$E, E11) -> 15936.154 | M11: =AVERAGEIFS('Data Combined - all-runs'!$M:$M, 'Data Combined - all-runs'!$A:$A, A11,'Data Combined - all-runs'!$B:$B, B11,'Data Combined - all-runs'!$C:$C, C11, 'Data Combined - all-runs'!$D:$D, D11, 'Data Combined - all-runs'!$E:$E, E11) -> 221 | N11: =AVERAGEIFS('Data Combined - all-runs'!$N:$N, 'Data Combined - all-runs'!$A:$A, A11,'Data Combined - all-runs'!$B:$B, B11,'Data Combined - all-runs'!$C:$C, C11, 'Data Combined - all-runs'!$D:$D, D11, 'Data Combined - all-runs'!$E:$E, E11) -> 8 | O11: =AVERAGEIFS('Data Combined - all-runs'!$O:$O, 'Data Combined - all-runs'!$A:$A, A11,'Data Combined - all-runs'!$B:$B, B11,'Data Combined - all-runs'!$C:$C, C11, 'Data Combined - all-runs'!$D:$D, D11, 'Data Combined - all-runs'!$E:$E, E11) -> 2268 | P11: =AVERAGEIFS('Data Combined - all-runs'!$P:$P, 'Data Combined - all-runs'!$A:$A, A11,'Data Combined - all-runs'!$B:$B, B11,'Data Combined - all-runs'!$C:$C, C11, 'Data Combined - all-runs'!$D:$D, D11, 'Data Combined - all-runs'!$E:$E, E11) -> 3.5273369 | Q11: =AVERAGEIFS('Data Combined - all-runs'!$Q:$Q, 'Data Combined - all-runs'!$A:$A, A11,'Data Combined - all-runs'!$B:$B, B11,'Data Combined - all-runs'!$C:$C, C11, 'Data Combined - all-runs'!$D:$D, D11, 'Data Combined - all-runs'!$E:$E, E11) -> 843.03351 | R11: =AVERAGEIFS('Data Combined - all-runs'!$R:$R, 'Data Combined - all-runs'!$A:$A, A11,'Data Combined - all-runs'!$B:$B, B11,'Data Combined - all-runs'!$C:$C, C11, 'Data Combined - all-runs'!$D:$D, D11, 'Data Combined - all-runs'!$E:$E, E11) -> 239 | S11: =AVERAGEIFS('Data Combined - all-runs'!$S:$S, 'Data Combined - all-runs'!$A:$A, A11,'Data Combined - all-runs'!$B:$B, B11,'Data Combined - all-runs'!$C:$C, C11, 'Data Combined - all-runs'!$D:$D, D11, 'Data Combined - all-runs'!$E:$E, E11) -> 0.46495816 | T11: =AVERAGEIFS('Data Combined - all-runs'!$T:$T, 'Data Combined - all-runs'!$A:$A, A11,'Data Combined - all-runs'!$B:$B, B11,'Data Combined - all-runs'!$C:$C, C11, 'Data Combined - all-runs'!$D:$D, D11, 'Data Combined - all-runs'!$E:$E, E11) -> 0 | U11: =AND( ISNUMBER($H11), SUMPRODUCT( ($A$2:$A$433=$A11)* ($B$2:$B$433=$B11)* ($C$2:$C$433=IF($C11="Json","Natural","Json"))* ($D$2:$D$433=$D11)* ($E$2:$E$433=$E11)* ISNUMBER($H$2:$H$433) )>0 ) -> FALSE | V11: =AND( ISNUMBER($H11), OR($A11="Calls",$A11="Battery + Shelf"), SUMPRODUCT( ($A$2:$A$433=IF($A11="Calls","Battery + Shelf","Calls"))* ($B$2:$B$433=$B11)* ($C$2:$C$433=$C11)* ($D$2:$D$433=$D11)* ($E$2:$E$433=$E11)* ISNUMBER($H$2:$H$433) )>0 ) -> FALSE | W11: =AND( ISNUMBER($H11), OR( $A11="Calls", $A11="Battery + Shelf", $A11="Battery" ), SUMPRODUCT( ($A$2:$A$433="Calls")* ($B$2:$B$433=$B11)* ($C$2:$C$433=$C11)* ($D$2:$D$433=$D11)* ($E$2:$E$433=$E11)* ISNUMBER($H$2:$H$433) )>0, SUMPRODUCT( ($A$2:$A$433="Battery + Shelf")* ($B$2:$B$433=$B11)* ($C$2:$C$433=$C11)* ($D$2:$D$433=$D11)* ($E$2:$E$433=$E11)* ISNUMBER($H$2:$H$433) )>0, SUMPRODUCT( ($A$2:$A$433="Battery")* ($B$2:$B$433=$B11)* ($C$2:$C$433=$C11)* ($D$2:$D$433=$D11)* ($E$2:$E$433=$E11)* ISNUMBER($H$2:$H$433) )>0 ) -> TRUE
A12: Battery | B12: Centralized | C12: Natural | D12: llama 3b (3.2) | E12: medium_balanced_4v4 | H12: =AVERAGEIFS('Data Combined - all-runs'!$H:$H, 'Data Combined - all-runs'!$A:$A, A12,'Data Combined - all-runs'!$B:$B, B12,'Data Combined - all-runs'!$C:$C, C12, 'Data Combined - all-runs'!$D:$D, D12, 'Data Combined - all-runs'!$E:$E, E12) -> 1816 | I12: =AVERAGEIFS('Data Combined - all-runs'!$I:$I, 'Data Combined - all-runs'!$A:$A, A12,'Data Combined - all-runs'!$B:$B, B12,'Data Combined - all-runs'!$C:$C, C12, 'Data Combined - all-runs'!$D:$D, D12, 'Data Combined - all-runs'!$E:$E, E12) -> 0 | J12: =AVERAGEIFS('Data Combined - all-runs'!$J:$J, 'Data Combined - all-runs'!$A:$A, A12,'Data Combined - all-runs'!$B:$B, B12,'Data Combined - all-runs'!$C:$C, C12, 'Data Combined - all-runs'!$D:$D, D12, 'Data Combined - all-runs'!$E:$E, E12) -> 828 | K12: =AVERAGEIFS('Data Combined - all-runs'!$K:$K, 'Data Combined - all-runs'!$A:$A, A12,'Data Combined - all-runs'!$B:$B, B12,'Data Combined - all-runs'!$C:$C, C12, 'Data Combined - all-runs'!$D:$D, D12, 'Data Combined - all-runs'!$E:$E, E12) -> 0.16623651 | L12: =AVERAGEIFS('Data Combined - all-runs'!$L:$L, 'Data Combined - all-runs'!$A:$A, A12,'Data Combined - all-runs'!$B:$B, B12,'Data Combined - all-runs'!$C:$C, C12, 'Data Combined - all-runs'!$D:$D, D12, 'Data Combined - all-runs'!$E:$E, E12) -> 15569.772 | M12: =AVERAGEIFS('Data Combined - all-runs'!$M:$M, 'Data Combined - all-runs'!$A:$A, A12,'Data Combined - all-runs'!$B:$B, B12,'Data Combined - all-runs'!$C:$C, C12, 'Data Combined - all-runs'!$D:$D, D12, 'Data Combined - all-runs'!$E:$E, E12) -> 68 | N12: =AVERAGEIFS('Data Combined - all-runs'!$N:$N, 'Data Combined - all-runs'!$A:$A, A12,'Data Combined - all-runs'!$B:$B, B12,'Data Combined - all-runs'!$C:$C, C12, 'Data Combined - all-runs'!$D:$D, D12, 'Data Combined - all-runs'!$E:$E, E12) -> 20 | O12: =AVERAGEIFS('Data Combined - all-runs'!$O:$O, 'Data Combined - all-runs'!$A:$A, A12,'Data Combined - all-runs'!$B:$B, B12,'Data Combined - all-runs'!$C:$C, C12, 'Data Combined - all-runs'!$D:$D, D12, 'Data Combined - all-runs'!$E:$E, E12) -> 2131 | P12: =AVERAGEIFS('Data Combined - all-runs'!$P:$P, 'Data Combined - all-runs'!$A:$A, A12,'Data Combined - all-runs'!$B:$B, B12,'Data Combined - all-runs'!$C:$C, C12, 'Data Combined - all-runs'!$D:$D, D12, 'Data Combined - all-runs'!$E:$E, E12) -> 9.3852651 | Q12: =AVERAGEIFS('Data Combined - all-runs'!$Q:$Q, 'Data Combined - all-runs'!$A:$A, A12,'Data Combined - all-runs'!$B:$B, B12,'Data Combined - all-runs'!$C:$C, C12, 'Data Combined - all-runs'!$D:$D, D12, 'Data Combined - all-runs'!$E:$E, E12) -> 852.18207 | R12: =AVERAGEIFS('Data Combined - all-runs'!$R:$R, 'Data Combined - all-runs'!$A:$A, A12,'Data Combined - all-runs'!$B:$B, B12,'Data Combined - all-runs'!$C:$C, C12, 'Data Combined - all-runs'!$D:$D, D12, 'Data Combined - all-runs'!$E:$E, E12) -> 90.8 | S12: =AVERAGEIFS('Data Combined - all-runs'!$S:$S, 'Data Combined - all-runs'!$A:$A, A12,'Data Combined - all-runs'!$B:$B, B12,'Data Combined - all-runs'!$C:$C, C12, 'Data Combined - all-runs'!$D:$D, D12, 'Data Combined - all-runs'!$E:$E, E12) -> 0.45594714 | T12: =AVERAGEIFS('Data Combined - all-runs'!$T:$T, 'Data Combined - all-runs'!$A:$A, A12,'Data Combined - all-runs'!$B:$B, B12,'Data Combined - all-runs'!$C:$C, C12, 'Data Combined - all-runs'!$D:$D, D12, 'Data Combined - all-runs'!$E:$E, E12) -> 0 | U12: =AND( ISNUMBER($H12), SUMPRODUCT( ($A$2:$A$433=$A12)* ($B$2:$B$433=$B12)* ($C$2:$C$433=IF($C12="Json","Natural","Json"))* ($D$2:$D$433=$D12)* ($E$2:$E$433=$E12)* ISNUMBER($H$2:$H$433) )>0 ) -> FALSE | V12: =AND( ISNUMBER($H12), OR($A12="Calls",$A12="Battery + Shelf"), SUMPRODUCT( ($A$2:$A$433=IF($A12="Calls","Battery + Shelf","Calls"))* ($B$2:$B$433=$B12)* ($C$2:$C$433=$C12)* ($D$2:$D$433=$D12)* ($E$2:$E$433=$E12)* ISNUMBER($H$2:$H$433) )>0 ) -> FALSE | W12: =AND( ISNUMBER($H12), OR( $A12="Calls", $A12="Battery + Shelf", $A12="Battery" ), SUMPRODUCT( ($A$2:$A$433="Calls")* ($B$2:$B$433=$B12)* ($C$2:$C$433=$C12)* ($D$2:$D$433=$D12)* ($E$2:$E$433=$E12)* ISNUMBER($H$2:$H$433) )>0, SUMPRODUCT( ($A$2:$A$433="Battery + Shelf")* ($B$2:$B$433=$B12)* ($C$2:$C$433=$C12)* ($D$2:$D$433=$D12)* ($E$2:$E$433=$E12)* ISNUMBER($H$2:$H$433) )>0, SUMPRODUCT( ($A$2:$A$433="Battery")* ($B$2:$B$433=$B12)* ($C$2:$C$433=$C12)* ($D$2:$D$433=$D12)* ($E$2:$E$433=$E12)* ISNUMBER($H$2:$H$433) )>0 ) -> TRUE
A13: Battery | B13: Centralized | C13: Natural | D13: llama 3b (3.2) | E13: medium_agv_heavy_6v2 | H13: =AVERAGEIFS('Data Combined - all-runs'!$H:$H, 'Data Combined - all-runs'!$A:$A, A13,'Data Combined - all-runs'!$B:$B, B13,'Data Combined - all-runs'!$C:$C, C13, 'Data Combined - all-runs'!$D:$D, D13, 'Data Combined - all-runs'!$E:$E, E13) -> 1477 | I13: =AVERAGEIFS('Data Combined - all-runs'!$I:$I, 'Data Combined - all-runs'!$A:$A, A13,'Data Combined - all-runs'!$B:$B, B13,'Data Combined - all-runs'!$C:$C, C13, 'Data Combined - all-runs'!$D:$D, D13, 'Data Combined - all-runs'!$E:$E, E13) -> 0 | J13: =AVERAGEIFS('Data Combined - all-runs'!$J:$J, 'Data Combined - all-runs'!$A:$A, A13,'Data Combined - all-runs'!$B:$B, B13,'Data Combined - all-runs'!$C:$C, C13, 'Data Combined - all-runs'!$D:$D, D13, 'Data Combined - all-runs'!$E:$E, E13) -> 446 | K13: =AVERAGEIFS('Data Combined - all-runs'!$K:$K, 'Data Combined - all-runs'!$A:$A, A13,'Data Combined - all-runs'!$B:$B, B13,'Data Combined - all-runs'!$C:$C, C13, 'Data Combined - all-runs'!$D:$D, D13, 'Data Combined - all-runs'!$E:$E, E13) -> 0.14384867 | L13: =AVERAGEIFS('Data Combined - all-runs'!$L:$L, 'Data Combined - all-runs'!$A:$A, A13,'Data Combined - all-runs'!$B:$B, B13,'Data Combined - all-runs'!$C:$C, C13, 'Data Combined - all-runs'!$D:$D, D13, 'Data Combined - all-runs'!$E:$E, E13) -> 11086.583 | M13: =AVERAGEIFS('Data Combined - all-runs'!$M:$M, 'Data Combined - all-runs'!$A:$A, A13,'Data Combined - all-runs'!$B:$B, B13,'Data Combined - all-runs'!$C:$C, C13, 'Data Combined - all-runs'!$D:$D, D13, 'Data Combined - all-runs'!$E:$E, E13) -> 38 | N13: =AVERAGEIFS('Data Combined - all-runs'!$N:$N, 'Data Combined - all-runs'!$A:$A, A13,'Data Combined - all-runs'!$B:$B, B13,'Data Combined - all-runs'!$C:$C, C13, 'Data Combined - all-runs'!$D:$D, D13, 'Data Combined - all-runs'!$E:$E, E13) -> 20 | O13: =AVERAGEIFS('Data Combined - all-runs'!$O:$O, 'Data Combined - all-runs'!$A:$A, A13,'Data Combined - all-runs'!$B:$B, B13,'Data Combined - all-runs'!$C:$C, C13, 'Data Combined - all-runs'!$D:$D, D13, 'Data Combined - all-runs'!$E:$E, E13) -> 1837 | P13: =AVERAGEIFS('Data Combined - all-runs'!$P:$P, 'Data Combined - all-runs'!$A:$A, A13,'Data Combined - all-runs'!$B:$B, B13,'Data Combined - all-runs'!$C:$C, C13, 'Data Combined - all-runs'!$D:$D, D13, 'Data Combined - all-runs'!$E:$E, E13) -> 10.887316 | Q13: =AVERAGEIFS('Data Combined - all-runs'!$Q:$Q, 'Data Combined - all-runs'!$A:$A, A13,'Data Combined - all-runs'!$B:$B, B13,'Data Combined - all-runs'!$C:$C, C13, 'Data Combined - all-runs'!$D:$D, D13, 'Data Combined - all-runs'!$E:$E, E13) -> 804.02831 | R13: =AVERAGEIFS('Data Combined - all-runs'!$R:$R, 'Data Combined - all-runs'!$A:$A, A13,'Data Combined - all-runs'!$B:$B, B13,'Data Combined - all-runs'!$C:$C, C13, 'Data Combined - all-runs'!$D:$D, D13, 'Data Combined - all-runs'!$E:$E, E13) -> 73.85 | S13: =AVERAGEIFS('Data Combined - all-runs'!$S:$S, 'Data Combined - all-runs'!$A:$A, A13,'Data Combined - all-runs'!$B:$B, B13,'Data Combined - all-runs'!$C:$C, C13, 'Data Combined - all-runs'!$D:$D, D13, 'Data Combined - all-runs'!$E:$E, E13) -> 0.30196344 | T13: =AVERAGEIFS('Data Combined - all-runs'!$T:$T, 'Data Combined - all-runs'!$A:$A, A13,'Data Combined - all-runs'!$B:$B, B13,'Data Combined - all-runs'!$C:$C, C13, 'Data Combined - all-runs'!$D:$D, D13, 'Data Combined - all-runs'!$E:$E, E13) -> 0 | U13: =AND( ISNUMBER($H13), SUMPRODUCT( ($A$2:$A$433=$A13)* ($B$2:$B$433=$B13)* ($C$2:$C$433=IF($C13="Json","Natural","Json"))* ($D$2:$D$433=$D13)* ($E$2:$E$433=$E13)* ISNUMBER($H$2:$H$433) )>0 ) -> FALSE | V13: =AND( ISNUMBER($H13), OR($A13="Calls",$A13="Battery + Shelf"), SUMPRODUCT( ($A$2:$A$433=IF($A13="Calls","Battery + Shelf","Calls"))* ($B$2:$B$433=$B13)* ($C$2:$C$433=$C13)* ($D$2:$D$433=$D13)* ($E$2:$E$433=$E13)* ISNUMBER($H$2:$H$433) )>0 ) -> FALSE | W13: =AND( ISNUMBER($H13), OR( $A13="Calls", $A13="Battery + Shelf", $A13="Battery" ), SUMPRODUCT( ($A$2:$A$433="Calls")* ($B$2:$B$433=$B13)* ($C$2:$C$433=$C13)* ($D$2:$D$433=$D13)* ($E$2:$E$433=$E13)* ISNUMBER($H$2:$H$433) )>0, SUMPRODUCT( ($A$2:$A$433="Battery + Shelf")* ($B$2:$B$433=$B13)* ($C$2:$C$433=$C13)* ($D$2:$D$433=$D13)* ($E$2:$E$433=$E13)* ISNUMBER($H$2:$H$433) )>0, SUMPRODUCT( ($A$2:$A$433="Battery")* ($B$2:$B$433=$B13)* ($C$2:$C$433=$C13)* ($D$2:$D$433=$D13)* ($E$2:$E$433=$E13)* ISNUMBER($H$2:$H$433) )>0 ) -> TRUE
... A433: Calls | B433: Shared | C433: Json | D433: qwen 14b (2.5) | E433: medium_agv_heavy_6v2 | H433: =AVERAGEIFS('Data Combined - all-runs'!$H:$H, 'Data Combined - all-runs'!$A:$A, A433,'Data Combined - all-runs'!$B:$B, B433,'Data Combined - all-runs'!$C:$C, C433, 'Data Combined - all-runs'!$D:$D, D433, 'Data Combined - all-runs'!$E:$E, E433) -> 2153 | I433: =AVERAGEIFS('Data Combined - all-runs'!$I:$I, 'Data Combined - all-runs'!$A:$A, A433,'Data Combined - all-runs'!$B:$B, B433,'Data Combined - all-runs'!$C:$C, C433, 'Data Combined - all-runs'!$D:$D, D433, 'Data Combined - all-runs'!$E:$E, E433) -> 0 | J433: =AVERAGEIFS('Data Combined - all-runs'!$J:$J, 'Data Combined - all-runs'!$A:$A, A433,'Data Combined - all-runs'!$B:$B, B433,'Data Combined - all-runs'!$C:$C, C433, 'Data Combined - all-runs'!$D:$D, D433, 'Data Combined - all-runs'!$E:$E, E433) -> 2 | K433: =AVERAGEIFS('Data Combined - all-runs'!$K:$K, 'Data Combined - all-runs'!$A:$A, A433,'Data Combined - all-runs'!$B:$B, B433,'Data Combined - all-runs'!$C:$C, C433, 'Data Combined - all-runs'!$D:$D, D433, 'Data Combined - all-runs'!$E:$E, E433) -> 0.22 | L433: =AVERAGEIFS('Data Combined - all-runs'!$L:$L, 'Data Combined - all-runs'!$A:$A, A433,'Data Combined - all-runs'!$B:$B, B433,'Data Combined - all-runs'!$C:$C, C433, 'Data Combined - all-runs'!$D:$D, D433, 'Data Combined - all-runs'!$E:$E, E433) -> 8127.0559 | M433: =AVERAGEIFS('Data Combined - all-runs'!$M:$M, 'Data Combined - all-runs'!$A:$A, A433,'Data Combined - all-runs'!$B:$B, B433,'Data Combined - all-runs'!$C:$C, C433, 'Data Combined - all-runs'!$D:$D, D433, 'Data Combined - all-runs'!$E:$E, E433) -> #DIV/0! | N433: =AVERAGEIFS('Data Combined - all-runs'!$N:$N, 'Data Combined - all-runs'!$A:$A, A433,'Data Combined - all-runs'!$B:$B, B433,'Data Combined - all-runs'!$C:$C, C433, 'Data Combined - all-runs'!$D:$D, D433, 'Data Combined - all-runs'!$E:$E, E433) -> 0 | O433: =AVERAGEIFS('Data Combined - all-runs'!$O:$O, 'Data Combined - all-runs'!$A:$A, A433,'Data Combined - all-runs'!$B:$B, B433,'Data Combined - all-runs'!$C:$C, C433, 'Data Combined - all-runs'!$D:$D, D433, 'Data Combined - all-runs'!$E:$E, E433) -> 500 | P433: =AVERAGEIFS('Data Combined - all-runs'!$P:$P, 'Data Combined - all-runs'!$A:$A, A433,'Data Combined - all-runs'!$B:$B, B433,'Data Combined - all-runs'!$C:$C, C433, 'Data Combined - all-runs'!$D:$D, D433, 'Data Combined - all-runs'!$E:$E, E433) -> 0 | Q433: =AVERAGEIFS('Data Combined - all-runs'!$Q:$Q, 'Data Combined - all-runs'!$A:$A, A433,'Data Combined - all-runs'!$B:$B, B433,'Data Combined - all-runs'!$C:$C, C433, 'Data Combined - all-runs'!$D:$D, D433, 'Data Combined - all-runs'!$E:$E, E433) -> 4306 | R433: =AVERAGEIFS('Data Combined - all-runs'!$R:$R, 'Data Combined - all-runs'!$A:$A, A433,'Data Combined - all-runs'!$B:$B, B433,'Data Combined - all-runs'!$C:$C, C433, 'Data Combined - all-runs'!$D:$D, D433, 'Data Combined - all-runs'!$E:$E, E433) -> #DIV/0! | S433: =AVERAGEIFS('Data Combined - all-runs'!$S:$S, 'Data Combined - all-runs'!$A:$A, A433,'Data Combined - all-runs'!$B:$B, B433,'Data Combined - all-runs'!$C:$C, C433, 'Data Combined - all-runs'!$D:$D, D433, 'Data Combined - all-runs'!$E:$E, E433) -> 0.00092893637 | T433: =AVERAGEIFS('Data Combined - all-runs'!$T:$T, 'Data Combined - all-runs'!$A:$A, A433,'Data Combined - all-runs'!$B:$B, B433,'Data Combined - all-runs'!$C:$C, C433, 'Data Combined - all-runs'!$D:$D, D433, 'Data Combined - all-runs'!$E:$E, E433) -> 0 | U433: =AND( ISNUMBER($H433), SUMPRODUCT( ($A$2:$A$433=$A433)* ($B$2:$B$433=$B433)* ($C$2:$C$433=IF($C433="Json","Natural","Json"))* ($D$2:$D$433=$D433)* ($E$2:$E$433=$E433)* ISNUMBER($H$2:$H$433) )>0 ) -> TRUE | V433: =AND( ISNUMBER($H433), OR($A433="Calls",$A433="Battery + Shelf"), SUMPRODUCT( ($A$2:$A$433=IF($A433="Calls","Battery + Shelf","Calls"))* ($B$2:$B$433=$B433)* ($C$2:$C$433=$C433)* ($D$2:$D$433=$D433)* ($E$2:$E$433=$E433)* ISNUMBER($H$2:$H$433) )>0 ) -> TRUE | W433: =AND( ISNUMBER($H433), OR( $A433="Calls", $A433="Battery + Shelf", $A433="Battery" ), SUMPRODUCT( ($A$2:$A$433="Calls")* ($B$2:$B$433=$B433)* ($C$2:$C$433=$C433)* ($D$2:$D$433=$D433)* ($E$2:$E$433=$E433)* ISNUMBER($H$2:$H$433) )>0, SUMPRODUCT( ($A$2:$A$433="Battery + Shelf")* ($B$2:$B$433=$B433)* ($C$2:$C$433=$C433)* ($D$2:$D$433=$D433)* ($E$2:$E$433=$E433)* ISNUMBER($H$2:$H$433) )>0, SUMPRODUCT( ($A$2:$A$433="Battery")* ($B$2:$B$433=$B433)* ($C$2:$C$433=$C433)* ($D$2:$D$433=$D433)* ($E$2:$E$433=$E433)* ISNUMBER($H$2:$H$433) )>0 ) -> FALSE

Sheet Data Combined - all-runs
A1: Objective | B1: Arch | C1: Prompt | D1: Model | E1: Scenario | F1: Seed | G1: Run | H1: llm_calls | I1: json_generation_failures | J1: llm_missing_or_invalid_actions | K1: charging_station_utilization_rate | L1: elapsed_seconds | M1: steps to first delivery | N1: total deliveries | O1: total steps | P1: deliveries_per_1000_steps | Q1: llm_calls_per_1000_steps | R1: llm_calls_per_delivery | S1: invalid_action_rate | T1: json_failure_rate | U1: summary_json_path
A2: Calls | B2: Centralized | C2: Json | D2: llama 1b (3.2) | E2: tiny_balanced_1v1 | F2: 0 | G2: valid_session1/session1 | H2: 478 | I2: 1 | J2: 2 | K2: 0 | L2: 3012.4304 | N2: 0 | O2: 500 | P2: 0 | Q2: 956 | S2: 0.0041841004 | T2: 0.0020920502 | U2: Battery-TA-RWARE/results/calls/centralized/json/valid_session1/llama3.2_1b/session1/tiny_balanced_1v1/json/summary.json
A3: Calls | B3: Centralized | C3: Json | D3: llama 1b (3.2) | E3: small_balanced_2v2 | F3: 0 | G3: session_20260422_155053 | H3: 491 | I3: 0 | J3: 344 | K3: 0 | L3: 2221.9595 | N3: 0 | O3: 500 | P3: 0 | Q3: 982 | S3: 0.700611 | T3: 0 | U3: Battery-TA-RWARE/results/calls/centralized/json/session_20260422_155053/llama3.2_1b/small_balanced_2v2/json/summary.json
A4: Calls | B4: Centralized | C4: Json | D4: llama 1b (3.2) | E4: small_balanced_2v2 | F4: 0 | G4: session_20260422_220055 | H4: 491 | I4: 0 | J4: 0 | K4: 0 | L4: 2611.1534 | N4: 0 | O4: 500 | P4: 0 | Q4: 982 | S4: 0 | T4: 0 | U4: Battery-TA-RWARE/results/calls/centralized/json/session_20260422_220055/llama3.2_1b/small_balanced_2v2/json/summary.json
A5: Calls | B5: Centralized | C5: Json | D5: llama 1b (3.2) | E5: small_balanced_2v2 | F5: 0 | G5: valid_session1/session1 | H5: 491 | I5: 0 | J5: 0 | K5: 0 | L5: 2611.1534 | N5: 0 | O5: 500 | P5: 0 | Q5: 982 | S5: 0 | T5: 0 | U5: Battery-TA-RWARE/results/calls/centralized/json/valid_session1/llama3.2_1b/session1/small_balanced_2v2/json/summary.json
A6: Calls | B6: Centralized | C6: Json | D6: llama 1b (3.2) | E6: small_agv_heavy_4v2 | F6: 0 | G6: session_20260422_083558 | H6: 492 | I6: 0 | J6: 5 | K6: 0 | L6: 2684.8153 | N6: 0 | O6: 500 | P6: 0 | Q6: 984 | S6: 0.010162602 | T6: 0 | U6: Battery-TA-RWARE/results/calls/centralized/json/session_20260422_083558/llama3.2_1b/small_agv_heavy_4v2/json/summary.json
A7: Calls | B7: Centralized | C7: Json | D7: llama 1b (3.2) | E7: small_agv_heavy_4v2 | F7: 0 | G7: session_20260422_155053 | H7: 146 | I7: 0 | J7: 234 | K7: 0 | L7: 6942.6538 | N7: 0 | O7: 500 | P7: 0 | Q7: 292 | S7: 1.6027397 | T7: 0 | U7: Battery-TA-RWARE/results/calls/centralized/json/session_20260422_155053/llama3.2_1b/small_agv_heavy_4v2/json/summary.json
A8: Calls | B8: Centralized | C8: Json | D8: llama 1b (3.2) | E8: small_agv_heavy_4v2 | F8: 0 | G8: valid_session1/session1 | H8: 203 | I8: 0 | J8: 192 | K8: 0 | L8: 8901.4 | N8: 0 | O8: 500 | P8: 0 | Q8: 406 | S8: 0.94581281 | T8: 0 | U8: Battery-TA-RWARE/results/calls/centralized/json/valid_session1/llama3.2_1b/session1/small_agv_heavy_4v2/json/summary.json
A9: Calls | B9: Centralized | C9: Json | D9: llama 1b (3.2) | E9: small_agv_heavy_4v2 | F9: 0 | G9: valid_session1/session1/small_agv_heavy_4v2-run2 | H9: 432 | I9: 47 | J9: 132 | K9: 0 | L9: 5463.4534 | N9: 0 | O9: 500 | P9: 0 | Q9: 864 | S9: 0.30555556 | T9: 0.1087963 | U9: Battery-TA-RWARE/results/calls/centralized/json/valid_session1/llama3.2_1b/session1/small_agv_heavy_4v2-run2/json/summary.json
A10: Calls | B10: Centralized | C10: Json | D10: llama 1b (3.2) | E10: medium_balanced_4v4 | F10: 0 | G10: session_20260422_083558 | H10: 491 | I10: 0 | J10: 1 | K10: 0.00125 | L10: 4354.2414 | N10: 0 | O10: 500 | P10: 0 | Q10: 982 | S10: 0.0020366599 | T10: 0 | U10: Battery-TA-RWARE/results/calls/centralized/json/session_20260422_083558/llama3.2_1b/medium_balanced_4v4/json/summary.json
A11: Calls | B11: Centralized | C11: Json | D11: llama 1b (3.2) | E11: medium_agv_heavy_6v2 | F11: 0 | G11: valid_session1/session1 | H11: 342 | I11: 0 | J11: 167 | K11: 0.003 | L11: 1360.2916 | N11: 0 | O11: 500 | P11: 0 | Q11: 684 | S11: 0.48830409 | T11: 0 | U11: Battery-TA-RWARE/results/calls/centralized/json/valid_session1/llama3.2_1b/session1/medium_agv_heavy_6v2/json/summary.json
A12: Calls | B12: Centralized | C12: Json | D12: gemma 12b | E12: tiny_balanced_1v1 | F12: 0 | G12: valid_session1 | H12: 802 | I12: 0 | J12: 0 | K12: 0.177267 | L12: 12874.581 | M12: 48 | N12: 9 | O12: 1588 | P12: 5.6675063 | Q12: 505.03778 | R12: 89.111111 | S12: 0 | T12: 0 | U12: Battery-TA-RWARE/results/calls/centralized/json/valid_session1/gemma3_12b/tiny_balanced_1v1/json/summary.json
A13: Calls | B13: Centralized | C13: Json | D13: gemma 12b | E13: small_picker_heavy_2v4 | F13: 0 | G13: valid_session1 | H13: 945 | I13: 3 | J13: 45 | K13: 0.18724097 | L13: 27042.869 | M13: 99 | N13: 3 | O13: 1126 | P13: 2.6642984 | Q13: 839.254 | R13: 315 | S13: 0.047619048 | T13: 0.0031746032 | U13: Battery-TA-RWARE/results/calls/centralized/json/valid_session1/gemma3_12b/small_picker_heavy_2v4/json/summary.json
A14: Calls | B14: Centralized | C14: Json | D14: gemma 12b | E14: small_balanced_2v2 | F14: 0 | G14: valid_session1 | H14: 143 | I14: 0 | J14: 0 | K14: 0.0995 | L14: 2732.9164 | N14: 0 | O14: 500 | P14: 0 | Q14: 286 | S14: 0 | T14: 0 | U14: Battery-TA-RWARE/results/calls/centralized/json/valid_session1/gemma3_12b/small_balanced_2v2/json/summary.json
A15: Calls | B15: Centralized | C15: Json | D15: gemma 12b | E15: small_agv_heavy_4v2 | F15: 0 | G15: valid_session1 | H15: 634 | I15: 0 | J15: 6 | K15: 0.097975709 | L15: 14183.6 | M15: 45 | N15: 8 | O15: 1235 | P15: 6.4777328 | Q15: 513.36032 | R15: 79.25 | S15: 0.0094637224 | T15: 0 | U15: Battery-TA-RWARE/results/calls/centralized/json/valid_session1/gemma3_12b/small_agv_heavy_4v2/json/summary.json
A16: Calls | B16: Centralized | C16: Json | D16: gemma 12b | E16: medium_balanced_4v4 | F16: 0 | G16: valid_session1 | H16: 1327 | I16: 1 | J16: 67 | K16: 0.134952 | L16: 43527.378 | M16: 209 | N16: 8 | O16: 1771 | P16: 4.5172219 | Q16: 749.29418 | R16: 165.875 | S16: 0.050489827 | T16: 0.0007535795 | U16: Battery-TA-RWARE/results/calls/centralized/json/valid_session1/gemma3_12b/medium_balanced_4v4/json/summary.json
A17: Calls | B17: Centralized | C17: Json | D17: gemma 12b | E17: medium_agv_heavy_6v2 | F17: 0 | G17: valid_session1 | H17: 1035 | I17: 1 | J17: 45 | K17: 0.13595745 | L17: 26016.908 | M17: 190 | N17: 3 | O17: 1175 | P17: 2.5531915 | Q17: 880.85106 | R17: 345 | S17: 0.043478261 | T17: 0.00096618357 | U17: Battery-TA-RWARE/results/calls/centralized/json/valid_session1/gemma3_12b/medium_agv_heavy_6v2/json/summary.json
A18: Calls | B18: Centralized | C18: Natural | D18: llama 1b (3.2) | E18: tiny_balanced_1v1 | F18: 0 | G18: session_20260423_075701 | H18: 345 | I18: NA | J18: 6 | K18: 0 | L18: 1428.0157 | N18: 0 | O18: 500 | P18: 0 | Q18: 690 | S18: 0.017391304 | T18: NA | U18: Battery-TA-RWARE/results/calls/centralized/natural/session_20260423_075701/llama3.2_1b/tiny_balanced_1v1/language/summary.json
A19: Calls | B19: Centralized | C19: Natural | D19: llama 1b (3.2) | E19: tiny_balanced_1v1 | F19: 0 | G19: session_20260423_193725 | H19: 193 | I19: NA | J19: 0 | K19: 0.057 | L19: 2161.7329 | N19: 0 | O19: 500 | P19: 0 | Q19: 386 | S19: 0 | T19: NA | U19: Battery-TA-RWARE/results/calls/centralized/natural/session_20260423_193725/llama3.2_1b/tiny_balanced_1v1/language/summary.json
A20: Calls | B20: Centralized | C20: Natural | D20: llama 1b (3.2) | E20: small_picker_heavy_2v4 | F20: 0 | G20: session_20260423_193725 | H20: 443 | I20: NA | J20: 161 | K20: 0.12433333 | L20: 5438.2191 | N20: 0 | O20: 500 | P20: 0 | Q20: 886 | S20: 0.36343115 | T20: NA | U20: Battery-TA-RWARE/results/calls/centralized/natural/session_20260423_193725/llama3.2_1b/small_picker_heavy_2v4/language/summary.json
A21: Calls | B21: Centralized | C21: Natural | D21: llama 1b (3.2) | E21: small_balanced_2v2 | F21: 0 | G21: session_20260423_075701 | H21: 322 | I21: NA | J21: 163 | K21: 0.081 | L21: 3193.5296 | N21: 0 | O21: 500 | P21: 0 | Q21: 644 | S21: 0.50621118 | T21: NA | U21: Battery-TA-RWARE/results/calls/centralized/natural/session_20260423_075701/llama3.2_1b/small_balanced_2v2/language/summary.json
A22: Calls | B22: Centralized | C22: Natural | D22: llama 1b (3.2) | E22: small_balanced_2v2 | F22: 0 | G22: session_20260423_193725 | H22: 425 | I22: NA | J22: 138 | K22: 0.1855 | L22: 4883.9877 | N22: 0 | O22: 500 | P22: 0 | Q22: 850 | S22: 0.32470588 | T22: NA | U22: Battery-TA-RWARE/results/calls/centralized/natural/session_20260423_193725/llama3.2_1b/small_balanced_2v2/language/summary.json
A23: Calls | B23: Centralized | C23: Natural | D23: llama 1b (3.2) | E23: small_agv_heavy_4v2 | F23: 0 | G23: session_20260423_075701 | H23: 351 | I23: NA | J23: 230 | K23: 0.13833333 | L23: 4407.6875 | N23: 0 | O23: 500 | P23: 0 | Q23: 702 | S23: 0.65527066 | T23: NA | U23: Battery-TA-RWARE/results/calls/centralized/natural/session_20260423_075701/llama3.2_1b/small_agv_heavy_4v2/language/summary.json
A24: Calls | B24: Centralized | C24: Natural | D24: llama 1b (3.2) | E24: small_agv_heavy_4v2 | F24: 0 | G24: session_20260423_193725 | H24: 435 | I24: NA | J24: 234 | K24: 0.061 | L24: 5263.3837 | N24: 0 | O24: 500 | P24: 0 | Q24: 870 | S24: 0.53793103 | T24: NA | U24: Battery-TA-RWARE/results/calls/centralized/natural/session_20260423_193725/llama3.2_1b/small_agv_heavy_4v2/language/summary.json
A25: Calls | B25: Centralized | C25: Natural | D25: llama 1b (3.2) | E25: medium_balanced_4v4 | F25: 0 | G25: session_20260423_075701 | H25: 569 | I25: NA | J25: 632 | K25: 0.12210884 | L25: 11386.02 | M25: 235 | N25: 1 | O25: 735 | P25: 1.3605442 | Q25: 774.14966 | R25: 569 | S25: 1.1107206 | T25: NA | U25: Battery-TA-RWARE/results/calls/centralized/natural/session_20260423_075701/llama3.2_1b/medium_balanced_4v4/language/summary.json
A26: Calls | B26: Centralized | C26: Natural | D26: llama 1b (3.2) | E26: medium_balanced_4v4 | F26: 0 | G26: session_20260423_193725 | H26: 680 | I26: NA | J26: 474 | K26: 0.12483085 | L26: 9811.2283 | M26: 239 | N26: 1 | O26: 739 | P26: 1.35318 | Q26: 920.16238 | R26: 680 | S26: 0.69705882 | T26: NA | U26: Battery-TA-RWARE/results/calls/centralized/natural/session_20260423_193725/llama3.2_1b/medium_balanced_4v4/language/summary.json
A27: Calls | B27: Centralized | C27: Natural | D27: llama 1b (3.2) | E27: medium_agv_heavy_6v2 | F27: 0 | G27: session_20260423_193725 | H27: 438 | I27: NA | J27: 346 | K27: 0.06125 | L27: 5798.7148 | N27: 0 | O27: 500 | P27: 0 | Q27: 876 | S27: 0.78995434 | T27: NA | U27: Battery-TA-RWARE/results/calls/centralized/natural/session_20260423_193725/llama3.2_1b/medium_agv_heavy_6v2/language/summary.json
A28: Calls | B28: Centralized | C28: Natural | D28: llama 3b (3.2) | E28: tiny_balanced_1v1 | F28: 0 | G28: session_20260423_193725 | H28: 491 | I28: NA | J28: 45 | K28: 0.12127441 | L28: 5081.8737 | M28: 473 | N28: 1 | O28: 973 | P28: 1.0277492 | Q28: 504.62487 | R28: 491 | S28: 0.091649695 | T28: NA | U28: Battery-TA-RWARE/results/calls/centralized/natural/session_20260423_193725/llama3.2_3b/tiny_balanced_1v1/language/summary.json
A29: Calls | B29: Centralized | C29: Natural | D29: llama 3b (3.2) | E29: small_picker_heavy_2v4 | F29: 0 | G29: session_20260423_193725 | H29: 1358 | I29: NA | J29: 651 | K29: 0.23524416 | L29: 19751.944 | M29: 67 | N29: 4 | O29: 1570 | P29: 2.5477707 | Q29: 864.96815 | R29: 339.5 | S29: 0.47938144 | T29: NA | U29: Battery-TA-RWARE/results/calls/centralized/natural/session_20260423_193725/llama3.2_3b/small_picker_heavy_2v4/language/summary.json
A30: Calls | B30: Centralized | C30: Natural | D30: llama 3b (3.2) | E30: small_balanced_2v2 | F30: 0 | G30: session_20260423_193725 | H30: 574 | I30: NA | J30: 387 | K30: 0.16532258 | L30: 5611.6753 | M30: 306 | N30: 1 | O30: 806 | P30: 1.2406948 | Q30: 712.15881 | R30: 574 | S30: 0.67421603 | T30: NA | U30: Battery-TA-RWARE/results/calls/centralized/natural/session_20260423_193725/llama3.2_3b/small_balanced_2v2/language/summary.json
A31: Calls | B31: Centralized | C31: Natural | D31: llama 3b (3.2) | E31: small_agv_heavy_4v2 | F31: 0 | G31: session_20260423_193725 | H31: 2457 | I31: NA | J31: 580 | K31: 0.15704424 | L31: 27384.295 | M31: 411 | N31: 18 | O31: 3187 | P31: 5.6479448 | Q31: 770.94446 | R31: 136.5 | S31: 0.23606024 | T31: NA | U31: Battery-TA-RWARE/results/calls/centralized/natural/session_20260423_193725/llama3.2_3b/small_agv_heavy_4v2/language/summary.json
A32: Calls | B32: Centralized | C32: Natural | D32: llama 3b (3.2) | E32: medium_balanced_4v4 | F32: 0 | G32: session_20260423_193725 | H32: 3292 | I32: NA | J32: 1193 | K32: 0.1809481 | L32: 49822.228 | M32: 261 | N32: 16 | O32: 3892 | P32: 4.1109969 | Q32: 845.83762 | R32: 205.75 | S32: 0.36239368 | T32: NA | U32: Battery-TA-RWARE/results/calls/centralized/natural/session_20260423_193725/llama3.2_3b/medium_balanced_4v4/language/summary.json
A33: Calls | B33: Centralized | C33: Natural | D33: llama 3b (3.2) | E33: medium_agv_heavy_6v2 | F33: 0 | G33: session_20260423_193725 | H33: 2221 | I33: NA | J33: 554 | K33: 0.15615981 | L33: 28856.351 | M33: 50 | N33: 19 | O33: 2772 | P33: 6.8542569 | Q33: 801.22655 | R33: 116.89474 | S33: 0.24943719 | T33: NA | U33: Battery-TA-RWARE/results/calls/centralized/natural/session_20260423_193725/llama3.2_3b/medium_agv_heavy_6v2/language/summary.json
A34: Calls | B34: Centralized | C34: Natural | D34: mistral 7b | E34: tiny_balanced_1v1 | F34: 0 | G34: session_20260423_193725 | H34: 1220 | I34: NA | J34: 803 | K34: 0.23606398 | L34: 38112.212 | M34: 375 | N34: 5 | O34: 2063 | P34: 2.4236549 | Q34: 591.37179 | R34: 244 | S34: 0.65819672 | T34: NA | U34: Battery-TA-RWARE/results/calls/centralized/natural/session_20260423_193725/mistral_7b/tiny_balanced_1v1/language/summary.json
A35: Calls | B35: Centralized | C35: Natural | D35: mistral 7b | E35: small_balanced_2v2 | F35: 0 | G35: session_20260423_193725 | H35: 1157 | I35: NA | J35: 1045 | K35: 0.19789261 | L35: 33440.647 | M35: 74 | N35: 6 | O35: 1732 | P35: 3.4642032 | Q35: 668.01386 | R35: 192.83333 | S35: 0.90319793 | T35: NA | U35: Battery-TA-RWARE/results/calls/centralized/natural/session_20260423_193725/mistral_7b/small_balanced_2v2/language/summary.json
A36: Calls | B36: Shared | C36: Json | D36: llama 1b (3.2) | E36: tiny_balanced_1v1 | F36: 0 | G36: session_20260331_201315 | H36: 533 | I36: 0 | J36: 0 | K36: 0.063 | L36: 485.41018 | N36: 0 | O36: 500 | P36: 0 | Q36: 1066 | S36: 0 | T36: 0 | U36: Battery-TA-RWARE/results/calls/shared_context/json/session_20260331_201315/llama3.2_1b/tiny_balanced_1v1/json/summary.json
A37: Calls | B37: Shared | C37: Json | D37: llama 1b (3.2) | E37: tiny_balanced_1v1 | F37: 0 | G37: session_20260401_091633 | H37: 879 | I37: 0 | J37: 0 | K37: 0 | L37: 1079.4745 | N37: 0 | O37: 500 | P37: 0 | Q37: 1758 | S37: 0 | T37: 0 | U37: Battery-TA-RWARE/results/calls/shared_context/json/session_20260401_091633/llama3.2_1b/tiny_balanced_1v1/json/summary.json
A38: Calls | B38: Shared | C38: Json | D38: llama 1b (3.2) | E38: tiny_balanced_1v1 | F38: 0 | G38: session_20260401_102916 | H38: 883 | I38: 0 | J38: 0 | K38: 0 | L38: 888.06663 | N38: 0 | O38: 500 | P38: 0 | Q38: 1766 | S38: 0 | T38: 0 | U38: Battery-TA-RWARE/results/calls/shared_context/json/session_20260401_102916/llama3.2_1b/tiny_balanced_1v1/json/summary.json
A39: Calls | B39: Shared | C39: Json | D39: llama 1b (3.2) | E39: tiny_balanced_1v1 | F39: 0 | G39: session_20260401_121402 | H39: 856 | I39: 0 | J39: 0 | K39: 0 | L39: 855.4907 | N39: 0 | O39: 500 | P39: 0 | Q39: 1712 | S39: 0 | T39: 0 | U39: Battery-TA-RWARE/results/calls/shared_context/json/session_20260401_121402/llama3.2_1b/tiny_balanced_1v1/json/summary.json
A40: Calls | B40: Shared | C40: Json | D40: llama 1b (3.2) | E40: small_picker_heavy_2v4 | F40: 0 | G40: session_20260331_201315 | H40: 1782 | I40: 0 | J40: 0 | K40: 0.42666667 | L40: 1924.4654 | N40: 0 | O40: 500 | P40: 0 | Q40: 3564 | S40: 0 | T40: 0 | U40: Battery-TA-RWARE/results/calls/shared_context/json/session_20260331_201315/llama3.2_1b/small_picker_heavy_2v4/json/summary.json
A41: Calls | B41: Shared | C41: Json | D41: llama 1b (3.2) | E41: small_picker_heavy_2v4 | F41: 0 | G41: session_20260401_121402 | H41: 1673 | I41: 0 | J41: 0 | K41: 0.021333333 | L41: 1985.3854 | N41: 0 | O41: 500 | P41: 0 | Q41: 3346 | S41: 0 | T41: 0 | U41: Battery-TA-RWARE/results/calls/shared_context/json/session_20260401_121402/llama3.2_1b/small_picker_heavy_2v4/json/summary.json
A42: Calls | B42: Shared | C42: Json | D42: llama 1b (3.2) | E42: small_balanced_2v2 | F42: 0 | G42: session_20260331_201315 | H42: 615 | I42: 0 | J42: 0 | K42: 0.2985 | L42: 610.51197 | N42: 0 | O42: 500 | P42: 0 | Q42: 1230 | S42: 0 | T42: 0 | U42: Battery-TA-RWARE/results/calls/shared_context/json/session_20260331_201315/llama3.2_1b/small_balanced_2v2/json/summary.json
A43: Calls | B43: Shared | C43: Json | D43: llama 1b (3.2) | E43: small_balanced_2v2 | F43: 0 | G43: session_20260401_091633 | H43: 999 | I43: 0 | J43: 0 | K43: 0.481 | L43: 1382.1614 | N43: 0 | O43: 500 | P43: 0 | Q43: 1998 | S43: 0 | T43: 0 | U43: Battery-TA-RWARE/results/calls/shared_context/json/session_20260401_091633/llama3.2_1b/small_balanced_2v2/json/summary.json
A44: Calls | B44: Shared | C44: Json | D44: llama 1b (3.2) | E44: small_balanced_2v2 | F44: 0 | G44: session_20260401_102916 | H44: 798 | I44: 0 | J44: 0 | K44: 0.098 | L44: 963.11273 | N44: 0 | O44: 500 | P44: 0 | Q44: 1596 | S44: 0 | T44: 0 | U44: Battery-TA-RWARE/results/calls/shared_context/json/session_20260401_102916/llama3.2_1b/small_balanced_2v2/json/summary.json
A45: Calls | B45: Shared | C45: Json | D45: llama 1b (3.2) | E45: small_balanced_2v2 | F45: 0 | G45: session_20260401_121402 | H45: 826 | I45: 0 | J45: 0 | K45: 0.187 | L45: 858.97246 | N45: 0 | O45: 500 | P45: 0 | Q45: 1652 | S45: 0 | T45: 0 | U45: Battery-TA-RWARE/results/calls/shared_context/json/session_20260401_121402/llama3.2_1b/small_balanced_2v2/json/summary.json
A46: Calls | B46: Shared | C46: Json | D46: llama 1b (3.2) | E46: small_agv_heavy_4v2 | F46: 0 | G46: session_20260331_201315 | H46: 1401 | I46: 0 | J46: 0 | K46: 0.32333333 | L46: 1690.3779 | N46: 0 | O46: 500 | P46: 0 | Q46: 2802 | S46: 0 | T46: 0 | U46: Battery-TA-RWARE/results/calls/shared_context/json/session_20260331_201315/llama3.2_1b/small_agv_heavy_4v2/json/summary.json
A47: Calls | B47: Shared | C47: Json | D47: llama 1b (3.2) | E47: small_agv_heavy_4v2 | F47: 0 | G47: session_20260401_121402 | H47: 1603 | I47: 0 | J47: 0 | K47: 0.055666667 | L47: 1743.202 | N47: 0 | O47: 500 | P47: 0 | Q47: 3206 | S47: 0 | T47: 0 | U47: Battery-TA-RWARE/results/calls/shared_context/json/session_20260401_121402/llama3.2_1b/small_agv_heavy_4v2/json/summary.json
... A66: Calls | B66: Shared | C66: Json | D66: mistral 7b | E66: small_picker_heavy_2v4 | F66: 0 | G66: session_20260401_121402 | H66: 2024 | I66: 0 | J66: 28 | K66: 0.315 | L66: 3633.574 | N66: 0 | O66: 500 | P66: 0 | Q66: 4048 | S66: 0.013833992 | T66: 0 | U66: Battery-TA-RWARE/results/calls/shared_context/json/session_20260401_121402/mistral_7b/small_picker_heavy_2v4/json/summary.json
A67: Calls | B67: Shared | C67: Json | D67: mistral 7b | E67: small_balanced_2v2 | F67: 0 | G67: session_20260401_121402 | H67: 1403 | I67: 1 | J67: 9 | K67: 0.11741768 | L67: 2777.1665 | M67: 77 | N67: 1 | O67: 577 | P67: 1.7331023 | Q67: 2431.5425 | R67: 1403 | S67: 0.0064148254 | T67: 0.00071275837 | U67: Battery-TA-RWARE/results/calls/shared_context/json/session_20260401_121402/mistral_7b/small_balanced_2v2/json/summary.json
A68: Calls | B68: Shared | C68: Json | D68: mistral 7b | E68: small_agv_heavy_4v2 | F68: 0 | G68: session_20260401_121402 | H68: 1578 | I68: 0 | J68: 55 | K68: 0.229 | L68: 3304.061 | N68: 0 | O68: 500 | P68: 0 | Q68: 3156 | S68: 0.034854246 | T68: 0 | U68: Battery-TA-RWARE/results/calls/shared_context/json/session_20260401_121402/mistral_7b/small_agv_heavy_4v2/json/summary.json
A69: Calls | B69: Shared | C69: Json | D69: mistral 7b | E69: medium_balanced_4v4 | F69: 0 | G69: session_20260401_121402 | H69: 2015 | I69: 0 | J69: 220 | K69: 0.12875 | L69: 5557.1448 | N69: 0 | O69: 500 | P69: 0 | Q69: 4030 | S69: 0.10918114 | T69: 0 | U69: Battery-TA-RWARE/results/calls/shared_context/json/session_20260401_121402/mistral_7b/medium_balanced_4v4/json/summary.json
A70: Calls | B70: Shared | C70: Json | D70: mistral 7b | E70: medium_agv_heavy_6v2 | F70: 0 | G70: session_20260401_121402 | H70: 1875 | I70: 0 | J70: 694 | K70: 0.23375 | L70: 4482.108 | N70: 0 | O70: 500 | P70: 0 | Q70: 3750 | S70: 0.37013333 | T70: 0 | U70: Battery-TA-RWARE/results/calls/shared_context/json/session_20260401_121402/mistral_7b/medium_agv_heavy_6v2/json/summary.json
A71: Calls | B71: Shared | C71: Json | D71: gemma 12b | E71: tiny_balanced_1v1 | F71: 0 | G71: session_20260401_121402 | H71: 1380 | I71: 0 | J71: 0 | K71: 0.083247156 | L71: 4071.7486 | M71: 35 | N71: 6 | O71: 967 | P71: 6.204757 | Q71: 1427.0941 | R71: 230 | S71: 0 | T71: 0 | U71: Battery-TA-RWARE/results/calls/shared_context/json/session_20260401_121402/gemma3_12b/tiny_balanced_1v1/json/summary.json
A72: Calls | B72: Shared | C72: Json | D72: gemma 12b | E72: small_picker_heavy_2v4 | F72: 0 | G72: session_20260401_121402 | H72: 2020 | I72: 0 | J72: 0 | K72: 0.32233333 | L72: 5629.4487 | N72: 0 | O72: 500 | P72: 0 | Q72: 4040 | S72: 0 | T72: 0 | U72: Battery-TA-RWARE/results/calls/shared_context/json/session_20260401_121402/gemma3_12b/small_picker_heavy_2v4/json/summary.json
A73: Calls | B73: Shared | C73: Json | D73: gemma 12b | E73: small_balanced_2v2 | F73: 0 | G73: session_20260401_121402 | H73: 188 | I73: 0 | J73: 0 | K73: 0.0945 | L73: 640.12191 | N73: 0 | O73: 500 | P73: 0 | Q73: 376 | S73: 0 | T73: 0 | U73: Battery-TA-RWARE/results/calls/shared_context/json/session_20260401_121402/gemma3_12b/small_balanced_2v2/json/summary.json
A74: Calls | B74: Shared | C74: Json | D74: gemma 12b | E74: small_agv_heavy_4v2 | F74: 0 | G74: session_20260401_121402 | H74: 3450 | I74: 0 | J74: 0 | K74: 0.11225818 | L74: 11974.057 | M74: 84 | N74: 11 | O74: 1792 | P74: 6.1383929 | Q74: 1925.2232 | R74: 313.63636 | S74: 0 | T74: 0 | U74: Battery-TA-RWARE/results/calls/shared_context/json/session_20260401_121402/gemma3_12b/small_agv_heavy_4v2/json/summary.json
A75: Calls | B75: Shared | C75: Json | D75: gemma 12b | E75: medium_balanced_4v4 | F75: 0 | G75: session_20260401_121402 | H75: 2454 | I75: 0 | J75: 0 | K75: 0.1995 | L75: 7934.1751 | N75: 0 | O75: 500 | P75: 0 | Q75: 4908 | S75: 0 | T75: 0 | U75: Battery-TA-RWARE/results/calls/shared_context/json/session_20260401_121402/gemma3_12b/medium_balanced_4v4/json/summary.json
A76: Calls | B76: Shared | C76: Json | D76: gemma 12b | E76: medium_agv_heavy_6v2 | F76: 0 | G76: session_20260401_121402 | H76: 7974 | I76: 0 | J76: 1 | K76: 0.15656391 | L76: 28404.278 | M76: 125 | N76: 9 | O76: 2887 | P76: 3.1174229 | Q76: 2762.0367 | R76: 886 | S76: 0.00012540757 | T76: 0 | U76: Battery-TA-RWARE/results/calls/shared_context/json/session_20260401_121402/gemma3_12b/medium_agv_heavy_6v2/json/summary.json
A77: Calls | B77: Shared | C77: Json | D77: phi4 | E77: tiny_balanced_1v1 | F77: 0 | G77: session_20260401_121402 | H77: 182 | I77: 0 | J77: 0 | K77: 0.092523364 | L77: 701.39387 | M77: 35 | N77: 1 | O77: 535 | P77: 1.8691589 | Q77: 340.18692 | R77: 182 | S77: 0 | T77: 0 | U77: Battery-TA-RWARE/results/calls/shared_context/json/session_20260401_121402/phi4/tiny_balanced_1v1/json/summary.json
A78: Calls | B78: Shared | C78: Json | D78: phi4 | E78: small_picker_heavy_2v4 | F78: 0 | G78: session_20260401_121402 | H78: 1047 | I78: 0 | J78: 0 | K78: 0.14566814 | L78: 5241.8482 | M78: 24 | N78: 5 | O78: 1135 | P78: 4.4052863 | Q78: 922.46696 | R78: 209.4 | S78: 0 | T78: 0 | U78: Battery-TA-RWARE/results/calls/shared_context/json/session_20260401_121402/phi4/small_picker_heavy_2v4/json/summary.json
A79: Calls | B79: Shared | C79: Json | D79: phi4 | E79: small_balanced_2v2 | F79: 0 | G79: session_20260401_121402 | H79: 148 | I79: 0 | J79: 0 | K79: 0.116 | L79: 705.99232 | N79: 0 | O79: 500 | P79: 0 | Q79: 296 | S79: 0 | T79: 0 | U79: Battery-TA-RWARE/results/calls/shared_context/json/session_20260401_121402/phi4/small_balanced_2v2/json/summary.json
A80: Calls | B80: Shared | C80: Json | D80: phi4 | E80: small_agv_heavy_4v2 | F80: 0 | G80: session_20260401_121402 | H80: 1007 | I80: 0 | J80: 0 | K80: 0.086129754 | L80: 5443.6306 | M80: 41 | N80: 10 | O80: 1192 | P80: 8.3892617 | Q80: 844.79866 | R80: 100.7 | S80: 0 | T80: 0 | U80: Battery-TA-RWARE/results/calls/shared_context/json/session_20260401_121402/phi4/small_agv_heavy_4v2/json/summary.json
A81: Calls | B81: Shared | C81: Json | D81: phi4 | E81: medium_balanced_4v4 | F81: 0 | G81: session_20260401_121402 | H81: 1349 | I81: 0 | J81: 0 | K81: 0.110758 | L81: 8333.6576 | M81: 131 | N81: 5 | O81: 1062 | P81: 4.7080979 | Q81: 1270.2448 | R81: 269.8 | S81: 0 | T81: 0 | U81: Battery-TA-RWARE/results/calls/shared_context/json/session_20260401_121402/phi4/medium_balanced_4v4/json/summary.json
A82: Calls | B82: Shared | C82: Json | D82: phi4 | E82: medium_agv_heavy_6v2 | F82: 0 | G82: session_20260401_121402 | H82: 682 | I82: 0 | J82: 0 | K82: 0.065617577 | L82: 4327.6555 | M82: 28 | N82: 4 | O82: 842 | P82: 4.7505938 | Q82: 809.97625 | R82: 170.5 | S82: 0 | T82: 0 | U82: Battery-TA-RWARE/results/calls/shared_context/json/session_20260401_121402/phi4/medium_agv_heavy_6v2/json/summary.json
A83: Calls | B83: Shared | C83: Json | D83: qwen 14b (2.5) | E83: tiny_balanced_1v1 | F83: 0 | G83: session_20260401_121402 | H83: 686 | I83: 0 | J83: 0 | K83: 0.46040516 | L83: 1709.9519 | M83: 43 | N83: 1 | O83: 543 | P83: 1.8416206 | Q83: 1263.3517 | R83: 686 | S83: 0 | T83: 0 | U83: Battery-TA-RWARE/results/calls/shared_context/json/session_20260401_121402/qwen2.5_14b/tiny_balanced_1v1/json/summary.json
A84: Calls | B84: Shared | C84: Json | D84: qwen 14b (2.5) | E84: small_picker_heavy_2v4 | F84: 0 | G84: session_20260401_121402 | H84: 2299 | I84: 0 | J84: 0 | K84: 0.342 | L84: 6884.7214 | N84: 0 | O84: 500 | P84: 0 | Q84: 4598 | S84: 0 | T84: 0 | U84: Battery-TA-RWARE/results/calls/shared_context/json/session_20260401_121402/qwen2.5_14b/small_picker_heavy_2v4/json/summary.json
A85: Calls | B85: Shared | C85: Json | D85: qwen 14b (2.5) | E85: small_balanced_2v2 | F85: 0 | G85: session_20260401_121402 | H85: 1069 | I85: 0 | J85: 0 | K85: 0.4755 | L85: 2996.7375 | N85: 0 | O85: 500 | P85: 0 | Q85: 2138 | S85: 0 | T85: 0 | U85: Battery-TA-RWARE/results/calls/shared_context/json/session_20260401_121402/qwen2.5_14b/small_balanced_2v2/json/summary.json
A86: Calls | B86: Shared | C86: Json | D86: qwen 14b (2.5) | E86: small_agv_heavy_4v2 | F86: 0 | G86: session_20260401_121402 | H86: 1972 | I86: 0 | J86: 2 | K86: 0.10833333 | L86: 7083.6857 | N86: 0 | O86: 500 | P86: 0 | Q86: 3944 | S86: 0.0010141988 | T86: 0 | U86: Battery-TA-RWARE/results/calls/shared_context/json/session_20260401_121402/qwen2.5_14b/small_agv_heavy_4v2/json/summary.json
A87: Calls | B87: Shared | C87: Json | D87: qwen 14b (2.5) | E87: medium_balanced_4v4 | F87: 0 | G87: session_20260401_121402 | H87: 2797 | I87: 0 | J87: 0 | K87: 0.187 | L87: 9508.5976 | N87: 0 | O87: 500 | P87: 0 | Q87: 5594 | S87: 0 | T87: 0 | U87: Battery-TA-RWARE/results/calls/shared_context/json/session_20260401_121402/qwen2.5_14b/medium_balanced_4v4/json/summary.json
A88: Calls | B88: Shared | C88: Json | D88: qwen 14b (2.5) | E88: medium_agv_heavy_6v2 | F88: 0 | G88: session_20260401_121402 | H88: 2153 | I88: 0 | J88: 2 | K88: 0.22 | L88: 8127.0559 | N88: 0 | O88: 500 | P88: 0 | Q88: 4306 | S88: 0.00092893637 | T88: 0 | U88: Battery-TA-RWARE/results/calls/shared_context/json/session_20260401_121402/qwen2.5_14b/medium_agv_heavy_6v2/json/summary.json
A89: Calls | B89: Shared | C89: Natural | D89: llama 1b (3.2) | E89: tiny_balanced_1v1 | F89: 0 | G89: session_20260328_221437 | H89: 815 | I89: NA | J89: 0 | K89: 0.51057082 | L89: 346.47675 | M89: 60 | N89: 5 | O89: 946 | P89: 5.2854123 | Q89: 861.5222 | R89: 163 | S89: 0 | T89: NA | U89: Battery-TA-RWARE/results/calls/shared_context/natural/session_20260328_221437/llama3.2_1b/tiny_balanced_1v1/language/summary.json
A90: Calls | B90: Shared | C90: Natural | D90: llama 1b (3.2) | E90: tiny_balanced_1v1 | F90: 0 | G90: session_20260328_230923 | H90: 743 | I90: NA | J90: 0 | K90: 0.4768177 | L90: 320.9077 | M90: 63 | N90: 5 | O90: 949 | P90: 5.2687039 | Q90: 782.9294 | R90: 148.6 | S90: 0 | T90: NA | U90: Battery-TA-RWARE/results/calls/shared_context/natural/session_20260328_230923/llama3.2_1b/tiny_balanced_1v1/language/summary.json
A91: Calls | B91: Shared | C91: Natural | D91: llama 1b (3.2) | E91: tiny_balanced_1v1 | F91: 0 | G91: session_20260329_094333 | H91: 330 | I91: NA | J91: 0 | K91: 0.17861021 | L91: 190.80735 | M91: 63 | N91: 3 | O91: 921 | P91: 3.257329 | Q91: 358.30619 | R91: 110 | S91: 0 | T91: NA | U91: Battery-TA-RWARE/results/calls/shared_context/natural/session_20260329_094333/llama3.2_1b/tiny_balanced_1v1/language/summary.json
A92: Calls | B92: Shared | C92: Natural | D92: llama 1b (3.2) | E92: small_picker_heavy_2v4 | F92: 0 | G92: session_20260329_094333 | H92: 2298 | I92: NA | J92: 0 | K92: 0.31426492 | L92: 1469.3886 | M92: 106 | N92: 7 | O92: 1145 | P92: 6.1135371 | Q92: 2006.9869 | R92: 328.28571 | S92: 0 | T92: NA | U92: Battery-TA-RWARE/results/calls/shared_context/natural/session_20260329_094333/llama3.2_1b/small_picker_heavy_2v4/language/summary.json
A93: Calls | B93: Shared | C93: Natural | D93: llama 1b (3.2) | E93: small_balanced_2v2 | F93: 0 | G93: session_20260328_221437 | H93: 384 | I93: NA | J93: 0 | K93: 0.082 | L93: 358.10783 | N93: 0 | O93: 500 | P93: 0 | Q93: 768 | S93: 0 | T93: NA | U93: Battery-TA-RWARE/results/calls/shared_context/natural/session_20260328_221437/llama3.2_1b/small_balanced_2v2/language/summary.json
A94: Calls | B94: Shared | C94: Natural | D94: llama 1b (3.2) | E94: small_balanced_2v2 | F94: 0 | G94: session_20260328_230923 | H94: 482 | I94: NA | J94: 0 | K94: 0.072 | L94: 428.82336 | N94: 0 | O94: 500 | P94: 0 | Q94: 964 | S94: 0 | T94: NA | U94: Battery-TA-RWARE/results/calls/shared_context/natural/session_20260328_230923/llama3.2_1b/small_balanced_2v2/language/summary.json
A95: Calls | B95: Shared | C95: Natural | D95: llama 1b (3.2) | E95: small_balanced_2v2 | F95: 0 | G95: session_20260329_094333 | H95: 464 | I95: NA | J95: 0 | K95: 0.0735 | L95: 400.6335 | N95: 0 | O95: 500 | P95: 0 | Q95: 928 | S95: 0 | T95: NA | U95: Battery-TA-RWARE/results/calls/shared_context/natural/session_20260329_094333/llama3.2_1b/small_balanced_2v2/language/summary.json
A96: Calls | B96: Shared | C96: Natural | D96: llama 1b (3.2) | E96: small_agv_heavy_4v2 | F96: 0 | G96: session_20260329_094333 | H96: 2430 | I96: NA | J96: 0 | K96: 0.13020086 | L96: 2148.521 | M96: 15 | N96: 9 | O96: 1394 | P96: 6.456241 | Q96: 1743.1851 | R96: 270 | S96: 0 | T96: NA | U96: Battery-TA-RWARE/results/calls/shared_context/natural/session_20260329_094333/llama3.2_1b/small_agv_heavy_4v2/language/summary.json
A97: Calls | B97: Shared | C97: Natural | D97: llama 1b (3.2) | E97: medium_balanced_4v4 | F97: 0 | G97: session_20260328_221437 | H97: 1815 | I97: NA | J97: 0 | K97: 0.22984928 | L97: 1478.672 | M97: 66 | N97: 4 | O97: 763 | P97: 5.242464 | Q97: 2378.768 | R97: 453.75 | S97: 0 | T97: NA | U97: Battery-TA-RWARE/results/calls/shared_context/natural/session_20260328_221437/llama3.2_1b/medium_balanced_4v4/language/summary.json
A98: Calls | B98: Shared | C98: Natural | D98: llama 1b (3.2) | E98: medium_balanced_4v4 | F98: 0 | G98: session_20260328_230923 | H98: 4288 | I98: NA | J98: 0 | K98: 0.14794252 | L98: 5827.2819 | M98: 43 | N98: 16 | O98: 1531 | P98: 10.450686 | Q98: 2800.7838 | R98: 268 | S98: 0 | T98: NA | U98: Battery-TA-RWARE/results/calls/shared_context/natural/session_20260328_230923/llama3.2_1b/medium_balanced_4v4/language/summary.json
A99: Calls | B99: Shared | C99: Natural | D99: llama 1b (3.2) | E99: medium_balanced_4v4 | F99: 0 | G99: session_20260329_094333 | H99: 3990 | I99: NA | J99: 0 | K99: 0.1019848 | L99: 4941.2296 | M99: 43 | N99: 13 | O99: 1184 | P99: 10.97973 | Q99: 3369.9324 | R99: 306.92308 | S99: 0 | T99: NA | U99: Battery-TA-RWARE/results/calls/shared_context/natural/session_20260329_094333/llama3.2_1b/medium_balanced_4v4/language/summary.json
A100: Calls | B100: Shared | C100: Natural | D100: llama 1b (3.2) | E100: medium_agv_heavy_6v2 | F100: 0 | G100: session_20260329_094333 | H100: 1875 | I100: NA | J100: 0 | K100: 0.0029112082 | L100: 4219.1292 | M100: 43 | N100: 4 | O100: 687 | P100: 5.8224163 | Q100: 2729.2576 | R100: 468.75 | S100: 0 | T100: NA | U100: Battery-TA-RWARE/results/calls/shared_context/natural/session_20260329_094333/llama3.2_1b/medium_agv_heavy_6v2/language/summary.json
A101: Calls | B101: Shared | C101: Natural | D101: llama 3b (3.2) | E101: tiny_balanced_1v1 | F101: 0 | G101: session_20260329_094333 | H101: 819 | I101: NA | J101: 0 | K101: 0.10942492 | L101: 610.10432 | M101: 37 | N101: 11 | O101: 1252 | P101: 8.7859425 | Q101: 654.15335 | R101: 74.454545 | S101: 0 | T101: NA | U101: Battery-TA-RWARE/results/calls/shared_context/natural/session_20260329_094333/llama3.2_3b/tiny_balanced_1v1/language/summary.json
A102: Calls | B102: Shared | C102: Natural | D102: llama 3b (3.2) | E102: small_picker_heavy_2v4 | F102: 0 | G102: session_20260329_094333 | H102: 2111 | I102: NA | J102: 0 | K102: 0.032723577 | L102: 2943.1231 | M102: 32 | N102: 6 | O102: 820 | P102: 7.3170732 | Q102: 2574.3902 | R102: 351.83333 | S102: 0 | T102: NA | U102: Battery-TA-RWARE/results/calls/shared_context/natural/session_20260329_094333/llama3.2_3b/small_picker_heavy_2v4/language/summary.json
A103: Calls | B103: Shared | C103: Natural | D103: llama 3b (3.2) | E103: small_balanced_2v2 | F103: 0 | G103: session_20260329_094333 | H103: 1989 | I103: NA | J103: 0 | K103: 0.055793991 | L103: 2118.9239 | M103: 44 | N103: 10 | O103: 1165 | P103: 8.583691 | Q103: 1707.2961 | R103: 198.9 | S103: 0 | T103: NA | U103: Battery-TA-RWARE/results/calls/shared_context/natural/session_20260329_094333/llama3.2_3b/small_balanced_2v2/language/summary.json
A104: Calls | B104: Shared | C104: Natural | D104: llama 3b (3.2) | E104: small_agv_heavy_4v2 | F104: 0 | G104: session_20260329_094333 | H104: 2633 | I104: NA | J104: 0 | K104: 0.13449508 | L104: 2698.7542 | M104: 31 | N104: 20 | O104: 1119 | P104: 17.873101 | Q104: 2352.9937 | R104: 131.65 | S104: 0 | T104: NA | U104: Battery-TA-RWARE/results/calls/shared_context/natural/session_20260329_094333/llama3.2_3b/small_agv_heavy_4v2/language/summary.json
A105: Calls | B105: Shared | C105: Natural | D105: llama 3b (3.2) | E105: medium_balanced_4v4 | F105: 0 | G105: session_20260329_094333 | H105: 1643 | I105: NA | J105: 0 | K105: 0.021887825 | L105: 4142.8467 | M105: 48 | N105: 6 | O105: 731 | P105: 8.2079343 | Q105: 2247.606 | R105: 273.83333 | S105: 0 | T105: NA | U105: Battery-TA-RWARE/results/calls/shared_context/natural/session_20260329_094333/llama3.2_3b/medium_balanced_4v4/language/summary.json
A106: Calls | B106: Shared | C106: Natural | D106: llama 3b (3.2) | E106: medium_agv_heavy_6v2 | F106: 0 | G106: session_20260329_094333 | H106: 3044 | I106: NA | J106: 0 | K106: 0.10633681 | L106: 4894.8339 | M106: 26 | N106: 20 | O106: 1152 | P106: 17.361111 | Q106: 2642.3611 | R106: 152.2 | S106: 0 | T106: NA | U106: Battery-TA-RWARE/results/calls/shared_context/natural/session_20260329_094333/llama3.2_3b/medium_agv_heavy_6v2/language/summary.json
A107: Calls | B107: Shared | C107: Natural | D107: mistral 7b | E107: tiny_balanced_1v1 | F107: 0 | G107: session_20260329_094333 | H107: 665 | I107: NA | J107: 0 | K107: 0.10753532 | L107: 841.89799 | M107: 34 | N107: 2 | O107: 637 | P107: 3.1397174 | Q107: 1043.956 | R107: 332.5 | S107: 0 | T107: NA | U107: Battery-TA-RWARE/results/calls/shared_context/natural/session_20260329_094333/mistral_7b/tiny_balanced_1v1/language/summary.json
... A114: Calls | B114: Shared | C114: Natural | D114: gemma 12b | E114: small_picker_heavy_2v4 | F114: 0 | G114: session_20260329_094333 | H114: 4083 | I114: NA | J114: 0 | K114: 0.13628136 | L114: 11138.777 | M114: 24 | N114: 20 | O114: 2578 | P114: 7.7579519 | Q114: 1583.7859 | R114: 204.15 | S114: 0 | T114: NA | U114: Battery-TA-RWARE/results/calls/shared_context/natural/session_20260329_094333/gemma3_12b/small_picker_heavy_2v4/language/summary.json
A115: Calls | B115: Shared | C115: Natural | D115: gemma 12b | E115: small_balanced_2v2 | F115: 0 | G115: session_20260329_094333 | H115: 140 | I115: NA | J115: 0 | K115: 0.101 | L115: 422.16885 | N115: 0 | O115: 500 | P115: 0 | Q115: 280 | S115: 0 | T115: NA | U115: Battery-TA-RWARE/results/calls/shared_context/natural/session_20260329_094333/gemma3_12b/small_balanced_2v2/language/summary.json
A116: Calls | B116: Shared | C116: Natural | D116: gemma 12b | E116: small_agv_heavy_4v2 | F116: 0 | G116: session_20260329_094333 | H116: 1805 | I116: NA | J116: 0 | K116: 0.14625595 | L116: 5112.1222 | M116: 41 | N116: 11 | O116: 1331 | P116: 8.2644628 | Q116: 1356.1232 | R116: 164.09091 | S116: 0 | T116: NA | U116: Battery-TA-RWARE/results/calls/shared_context/natural/session_20260329_094333/gemma3_12b/small_agv_heavy_4v2/language/summary.json
A117: Calls | B117: Shared | C117: Natural | D117: gemma 12b | E117: medium_balanced_4v4 | F117: 0 | G117: session_20260329_094333 | H117: 1456 | I117: NA | J117: 0 | K117: 0.11922735 | L117: 5759.3045 | M117: 46 | N117: 6 | O117: 1126 | P117: 5.3285968 | Q117: 1293.0728 | R117: 242.66667 | S117: 0 | T117: NA | U117: Battery-TA-RWARE/results/calls/shared_context/natural/session_20260329_094333/gemma3_12b/medium_balanced_4v4/language/summary.json
A118: Calls | B118: Shared | C118: Natural | D118: gemma 12b | E118: medium_agv_heavy_6v2 | F118: 0 | G118: session_20260329_094333 | H118: 1048 | I118: NA | J118: 0 | K118: 0.10133495 | L118: 3496.4235 | M118: 40 | N118: 6 | O118: 824 | P118: 7.2815534 | Q118: 1271.8447 | R118: 174.66667 | S118: 0 | T118: NA | U118: Battery-TA-RWARE/results/calls/shared_context/natural/session_20260329_094333/gemma3_12b/medium_agv_heavy_6v2/language/summary.json
A119: Calls | B119: Shared | C119: Natural | D119: phi4 | E119: tiny_balanced_1v1 | F119: 0 | G119: session_20260329_094333 | H119: 95 | I119: NA | J119: 0 | K119: 0.11962617 | L119: 408.68221 | M119: 35 | N119: 1 | O119: 535 | P119: 1.8691589 | Q119: 177.57009 | R119: 95 | S119: 0 | T119: NA | U119: Battery-TA-RWARE/results/calls/shared_context/natural/session_20260329_094333/phi4/tiny_balanced_1v1/language/summary.json
A120: Calls | B120: Shared | C120: Natural | D120: phi4 | E120: small_picker_heavy_2v4 | F120: 0 | G120: session_20260329_094333 | H120: 577 | I120: NA | J120: 0 | K120: 0.14306785 | L120: 4230.564 | M120: 24 | N120: 3 | O120: 565 | P120: 5.3097345 | Q120: 1021.2389 | R120: 192.33333 | S120: 0 | T120: NA | U120: Battery-TA-RWARE/results/calls/shared_context/natural/session_20260329_094333/phi4/small_picker_heavy_2v4/language/summary.json
A121: Calls | B121: Shared | C121: Natural | D121: phi4 | E121: small_balanced_2v2 | F121: 0 | G121: session_20260329_094333 | H121: 183 | I121: NA | J121: 0 | K121: 0.09527972 | L121: 1074.5073 | M121: 72 | N121: 1 | O121: 572 | P121: 1.7482517 | Q121: 319.93007 | R121: 183 | S121: 0 | T121: NA | U121: Battery-TA-RWARE/results/calls/shared_context/natural/session_20260329_094333/phi4/small_balanced_2v2/language/summary.json
A122: Calls | B122: Shared | C122: Natural | D122: phi4 | E122: small_agv_heavy_4v2 | F122: 0 | G122: session_20260329_094333 | H122: 1156 | I122: NA | J122: 0 | K122: 0.088492063 | L122: 8802.426 | M122: 41 | N122: 9 | O122: 1260 | P122: 7.1428571 | Q122: 917.46032 | R122: 128.44444 | S122: 0 | T122: NA | U122: Battery-TA-RWARE/results/calls/shared_context/natural/session_20260329_094333/phi4/small_agv_heavy_4v2/language/summary.json
A123: Calls | B123: Shared | C123: Natural | D123: phi4 | E123: medium_balanced_4v4 | F123: 0 | G123: session_20260329_094333 | H123: 1282 | I123: NA | J123: 0 | K123: 0.12257752 | L123: 10023.998 | M123: 46 | N123: 7 | O123: 1032 | P123: 6.7829457 | Q123: 1242.2481 | R123: 183.14286 | S123: 0 | T123: NA | U123: Battery-TA-RWARE/results/calls/shared_context/natural/session_20260329_094333/phi4/medium_balanced_4v4/language/summary.json
A124: Calls | B124: Shared | C124: Natural | D124: phi4 | E124: medium_agv_heavy_6v2 | F124: 0 | G124: session_20260329_094333 | H124: 508 | I124: NA | J124: 0 | K124: 0.074186992 | L124: 3842.2521 | M124: 32 | N124: 5 | O124: 738 | P124: 6.7750678 | Q124: 688.34688 | R124: 101.6 | S124: 0 | T124: NA | U124: Battery-TA-RWARE/results/calls/shared_context/natural/session_20260329_094333/phi4/medium_agv_heavy_6v2/language/summary.json
...

Sheet Just old runs
A1: Objective | B1: Arch | C1: Prompt | D1: Model | E1: Scenario | F1: Seed | G1: Run | H1: llm_calls | I1: json_generation_failures | J1: llm_missing_or_invalid_actions | K1: charging_station_utilization_rate | L1: elapsed_seconds | M1: steps to first delivery | N1: total deliveries | O1: total steps | P1: deliveries_per_1000_steps | Q1: llm_calls_per_1000_steps | R1: llm_calls_per_delivery | S1: invalid_action_rate | T1: json_failure_rate | U1: summary_json_path
A2: Shelf Deliveries | B2: Centralized | C2: Natural | D2: llama 1b (3.2) | E2: tiny_balanced_1v1 | F2: 0 | G2: session_20260317_183938 | H2: 86 | I2: NA | J2: 0 | L2: 219.19911 | N2: 0 | O2: 200 | P2: 0 | Q2: 430 | S2: 0 | T2: NA | U2: Battery-TA-RWARE/results/shelf/central_llm_experiments/natural/session_20260317_183938/llama3.2_1b/tiny_balanced_1v1/language/summary.json
A3: Shelf Deliveries | B3: Centralized | C3: Natural | D3: llama 1b (3.2) | E3: small_picker_heavy_2v4 | F3: 0 | G3: session_20260317_183938 | H3: 134 | I3: NA | J3: 0 | L3: 394.11463 | N3: 0 | O3: 200 | P3: 0 | Q3: 670 | S3: 0 | T3: NA | U3: Battery-TA-RWARE/results/shelf/central_llm_experiments/natural/session_20260317_183938/llama3.2_1b/small_picker_heavy_2v4/language/summary.json
A4: Shelf Deliveries | B4: Centralized | C4: Natural | D4: llama 1b (3.2) | E4: small_balanced_2v2 | F4: 0 | G4: session_20260317_183938 | H4: 140 | I4: NA | J4: 0 | L4: 386.43067 | N4: 0 | O4: 200 | P4: 0 | Q4: 700 | S4: 0 | T4: NA | U4: Battery-TA-RWARE/results/shelf/central_llm_experiments/natural/session_20260317_183938/llama3.2_1b/small_balanced_2v2/language/summary.json
A5: Shelf Deliveries | B5: Centralized | C5: Natural | D5: llama 1b (3.2) | E5: small_agv_heavy_4v2 | F5: 0 | G5: session_20260317_183938 | H5: 136 | I5: NA | J5: 0 | L5: 398.97112 | N5: 0 | O5: 200 | P5: 0 | Q5: 680 | S5: 0 | T5: NA | U5: Battery-TA-RWARE/results/shelf/central_llm_experiments/natural/session_20260317_183938/llama3.2_1b/small_agv_heavy_4v2/language/summary.json
A6: Shelf Deliveries | B6: Centralized | C6: Natural | D6: llama 1b (3.2) | E6: medium_balanced_4v4 | F6: 0 | G6: session_20260317_183938 | H6: 180 | I6: NA | J6: 0 | L6: 520.57291 | N6: 0 | O6: 200 | P6: 0 | Q6: 900 | S6: 0 | T6: NA | U6: Battery-TA-RWARE/results/shelf/central_llm_experiments/natural/session_20260317_183938/llama3.2_1b/medium_balanced_4v4/language/summary.json
A7: Shelf Deliveries | B7: Centralized | C7: Natural | D7: llama 1b (3.2) | E7: medium_agv_heavy_6v2 | F7: 0 | G7: session_20260317_183938 | H7: 172 | I7: NA | J7: 0 | L7: 363.41447 | N7: 0 | O7: 200 | P7: 0 | Q7: 860 | S7: 0 | T7: NA | U7: Battery-TA-RWARE/results/shelf/central_llm_experiments/natural/session_20260317_183938/llama3.2_1b/medium_agv_heavy_6v2/language/summary.json
A8: Shelf Deliveries | B8: Centralized | C8: Natural | D8: llama 3b (3.2) | E8: tiny_balanced_1v1 | F8: 0 | G8: session_20260317_183938 | H8: 68 | I8: NA | J8: 0 | L8: 119.89302 | M8: 78 | N8: 1 | O8: 278 | P8: 3.5971223 | Q8: 244.60432 | R8: 68 | S8: 0 | T8: NA | U8: Battery-TA-RWARE/results/shelf/central_llm_experiments/natural/session_20260317_183938/llama3.2_3b/tiny_balanced_1v1/language/summary.json
A9: Shelf Deliveries | B9: Centralized | C9: Natural | D9: llama 3b (3.2) | E9: small_picker_heavy_2v4 | F9: 0 | G9: session_20260317_183938 | H9: 148 | I9: NA | J9: 0 | L9: 238.47967 | N9: 0 | O9: 200 | P9: 0 | Q9: 740 | S9: 0 | T9: NA | U9: Battery-TA-RWARE/results/shelf/central_llm_experiments/natural/session_20260317_183938/llama3.2_3b/small_picker_heavy_2v4/language/summary.json
A10: Shelf Deliveries | B10: Centralized | C10: Natural | D10: llama 3b (3.2) | E10: small_balanced_2v2 | F10: 0 | G10: session_20260317_183938 | H10: 241 | I10: NA | J10: 0 | L10: 344.79595 | M10: 174 | N10: 2 | O10: 398 | P10: 5.0251256 | Q10: 605.52764 | R10: 120.5 | S10: 0 | T10: NA | U10: Battery-TA-RWARE/results/shelf/central_llm_experiments/natural/session_20260317_183938/llama3.2_3b/small_balanced_2v2/language/summary.json
A11: Shelf Deliveries | B11: Centralized | C11: Natural | D11: llama 3b (3.2) | E11: small_agv_heavy_4v2 | F11: 0 | G11: session_20260317_183938 | H11: 200 | I11: NA | J11: 0 | L11: 341.70221 | N11: 0 | O11: 200 | P11: 0 | Q11: 1000 | S11: 0 | T11: NA | U11: Battery-TA-RWARE/results/shelf/central_llm_experiments/natural/session_20260317_183938/llama3.2_3b/small_agv_heavy_4v2/language/summary.json
A12: Shelf Deliveries | B12: Centralized | C12: Natural | D12: llama 3b (3.2) | E12: medium_balanced_4v4 | F12: 0 | G12: session_20260317_183938 | H12: 200 | I12: NA | J12: 0 | L12: 504.57336 | N12: 0 | O12: 200 | P12: 0 | Q12: 1000 | S12: 0 | T12: NA | U12: Battery-TA-RWARE/results/shelf/central_llm_experiments/natural/session_20260317_183938/llama3.2_3b/medium_balanced_4v4/language/summary.json
A13: Shelf Deliveries | B13: Centralized | C13: Natural | D13: llama 3b (3.2) | E13: medium_agv_heavy_6v2 | F13: 0 | G13: session_20260317_183938 | H13: 131 | I13: NA | J13: 0 | L13: 278.4645 | N13: 0 | O13: 200 | P13: 0 | Q13: 655 | S13: 0 | T13: NA | U13: Battery-TA-RWARE/results/shelf/central_llm_experiments/natural/session_20260317_183938/llama3.2_3b/medium_agv_heavy_6v2/language/summary.json
A14: Shelf Deliveries | B14: Centralized | C14: Natural | D14: mistral 7b | E14: tiny_balanced_1v1 | F14: 0 | G14: session_20260317_183938 | H14: 186 | I14: NA | J14: 0 | L14: 380.47729 | N14: 0 | O14: 200 | P14: 0 | Q14: 930 | S14: 0 | T14: NA | U14: Battery-TA-RWARE/results/shelf/central_llm_experiments/natural/session_20260317_183938/mistral_7b/tiny_balanced_1v1/language/summary.json
A15: Shelf Deliveries | B15: Centralized | C15: Natural | D15: mistral 7b | E15: small_picker_heavy_2v4 | F15: 0 | G15: session_20260317_183938 | H15: 84 | I15: NA | J15: 0 | L15: 341.2004 | N15: 0 | O15: 200 | P15: 0 | Q15: 420 | S15: 0 | T15: NA | U15: Battery-TA-RWARE/results/shelf/central_llm_experiments/natural/session_20260317_183938/mistral_7b/small_picker_heavy_2v4/language/summary.json
A16: Shelf Deliveries | B16: Centralized | C16: Natural | D16: mistral 7b | E16: small_balanced_2v2 | F16: 0 | G16: session_20260317_183938 | H16: 213 | I16: NA | J16: 0 | L16: 948.49995 | M16: 170 | N16: 1 | O16: 370 | P16: 2.7027027 | Q16: 575.67568 | R16: 213 | S16: 0 | T16: NA | U16: Battery-TA-RWARE/results/shelf/central_llm_experiments/natural/session_20260317_183938/mistral_7b/small_balanced_2v2/language/summary.json
A17: Shelf Deliveries | B17: Centralized | C17: Natural | D17: mistral 7b | E17: small_agv_heavy_4v2 | F17: 0 | G17: session_20260317_183938 | H17: 163 | I17: NA | J17: 0 | L17: 1093.5161 | N17: 0 | O17: 200 | P17: 0 | Q17: 815 | S17: 0 | T17: NA | U17: Battery-TA-RWARE/results/shelf/central_llm_experiments/natural/session_20260317_183938/mistral_7b/small_agv_heavy_4v2/language/summary.json
A18: Shelf Deliveries | B18: Centralized | C18: Natural | D18: mistral 7b | E18: medium_balanced_4v4 | F18: 0 | G18: session_20260317_183938 | H18: 184 | I18: NA | J18: 1 | L18: 1400.4892 | N18: 0 | O18: 200 | P18: 0 | Q18: 920 | S18: 0.0054347826 | T18: NA | U18: Battery-TA-RWARE/results/shelf/central_llm_experiments/natural/session_20260317_183938/mistral_7b/medium_balanced_4v4/language/summary.json
A19: Shelf Deliveries | B19: Centralized | C19: Natural | D19: mistral 7b | E19: medium_agv_heavy_6v2 | F19: 0 | G19: session_20260317_183938 | H19: 200 | I19: NA | J19: 0 | L19: 2145.6248 | N19: 0 | O19: 200 | P19: 0 | Q19: 1000 | S19: 0 | T19: NA | U19: Battery-TA-RWARE/results/shelf/central_llm_experiments/natural/session_20260317_183938/mistral_7b/medium_agv_heavy_6v2/language/summary.json
A20: Shelf Deliveries | B20: Centralized | C20: Natural | D20: gemma 12b | E20: tiny_balanced_1v1 | F20: 0 | G20: session_20260317_183938 | H20: 94 | I20: NA | J20: 0 | L20: 764.60003 | M20: 83 | N20: 1 | O20: 283 | P20: 3.5335689 | Q20: 332.15548 | R20: 94 | S20: 0 | T20: NA | U20: Battery-TA-RWARE/results/shelf/central_llm_experiments/natural/session_20260317_183938/gemma3_12b/tiny_balanced_1v1/language/summary.json
A21: Shelf Deliveries | B21: Centralized | C21: Natural | D21: gemma 12b | E21: small_picker_heavy_2v4 | F21: 0 | G21: session_20260317_183938 | H21: 96 | I21: NA | J21: 0 | L21: 913.85015 | N21: 0 | O21: 200 | P21: 0 | Q21: 480 | S21: 0 | T21: NA | U21: Battery-TA-RWARE/results/shelf/central_llm_experiments/natural/session_20260317_183938/gemma3_12b/small_picker_heavy_2v4/language/summary.json
A22: Shelf Deliveries | B22: Centralized | C22: Natural | D22: gemma 12b | E22: small_balanced_2v2 | F22: 0 | G22: session_20260317_183938 | H22: 127 | I22: NA | J22: 0 | L22: 1150.1848 | N22: 0 | O22: 200 | P22: 0 | Q22: 635 | S22: 0 | T22: NA | U22: Battery-TA-RWARE/results/shelf/central_llm_experiments/natural/session_20260317_183938/gemma3_12b/small_balanced_2v2/language/summary.json
A23: Shelf Deliveries | B23: Centralized | C23: Natural | D23: gemma 12b | E23: small_agv_heavy_4v2 | F23: 0 | G23: session_20260317_183938 | H23: 141 | I23: NA | J23: 0 | L23: 1419.0149 | N23: 0 | O23: 200 | P23: 0 | Q23: 705 | S23: 0 | T23: NA | U23: Battery-TA-RWARE/results/shelf/central_llm_experiments/natural/session_20260317_183938/gemma3_12b/small_agv_heavy_4v2/language/summary.json
A24: Shelf Deliveries | B24: Centralized | C24: Natural | D24: gemma 12b | E24: medium_balanced_4v4 | F24: 0 | G24: session_20260317_183938 | H24: 179 | I24: NA | J24: 0 | L24: 1959.8364 | N24: 0 | O24: 200 | P24: 0 | Q24: 895 | S24: 0 | T24: NA | U24: Battery-TA-RWARE/results/shelf/central_llm_experiments/natural/session_20260317_183938/gemma3_12b/medium_balanced_4v4/language/summary.json
A25: Shelf Deliveries | B25: Centralized | C25: Natural | D25: gemma 12b | E25: medium_agv_heavy_6v2 | F25: 0 | G25: session_20260317_183938 | H25: 184 | I25: NA | J25: 0 | L25: 2835.0268 | N25: 0 | O25: 200 | P25: 0 | Q25: 920 | S25: 0 | T25: NA | U25: Battery-TA-RWARE/results/shelf/central_llm_experiments/natural/session_20260317_183938/gemma3_12b/medium_agv_heavy_6v2/language/summary.json
A26: Shelf Deliveries | B26: Centralized | C26: Natural | D26: phi4 | E26: tiny_balanced_1v1 | F26: 0 | G26: session_20260317_183938 | H26: 114 | I26: NA | J26: 0 | L26: 2329.1568 | M26: 33 | N26: 1 | O26: 233 | P26: 4.2918455 | Q26: 489.27039 | R26: 114 | S26: 0 | T26: NA | U26: Battery-TA-RWARE/results/shelf/central_llm_experiments/natural/session_20260317_183938/phi4/tiny_balanced_1v1/language/summary.json
A27: Shelf Deliveries | B27: Centralized | C27: Natural | D27: phi4 | E27: small_picker_heavy_2v4 | F27: 0 | G27: session_20260317_183938 | H27: 162 | I27: NA | J27: 0 | L27: 6477.1903 | N27: 0 | O27: 200 | P27: 0 | Q27: 810 | S27: 0 | T27: NA | U27: Battery-TA-RWARE/results/shelf/central_llm_experiments/natural/session_20260317_183938/phi4/small_picker_heavy_2v4/language/summary.json
A28: Shelf Deliveries | B28: Centralized | C28: Natural | D28: phi4 | E28: small_balanced_2v2 | F28: 0 | G28: session_20260317_183938 | H28: 149 | I28: NA | J28: 0 | L28: 4148.5371 | M28: 76 | N28: 2 | O28: 337 | P28: 5.9347181 | Q28: 442.1365 | R28: 74.5 | S28: 0 | T28: NA | U28: Battery-TA-RWARE/results/shelf/central_llm_experiments/natural/session_20260317_183938/phi4/small_balanced_2v2/language/summary.json
A29: Shelf Deliveries | B29: Centralized | C29: Natural | D29: phi4 | E29: small_agv_heavy_4v2 | F29: 0 | G29: session_20260317_183938 | H29: 315 | I29: NA | J29: 0 | L29: 13571.399 | M29: 112 | N29: 3 | O29: 459 | P29: 6.5359477 | Q29: 686.27451 | R29: 105 | S29: 0 | T29: NA | U29: Battery-TA-RWARE/results/shelf/central_llm_experiments/natural/session_20260317_183938/phi4/small_agv_heavy_4v2/language/summary.json
A30: Shelf Deliveries | B30: Centralized | C30: Natural | D30: phi4 | E30: medium_balanced_4v4 | F30: 0 | G30: session_20260317_183938 | H30: 182 | I30: NA | J30: 0 | L30: 10998.904 | N30: 0 | O30: 200 | P30: 0 | Q30: 910 | S30: 0 | T30: NA | U30: Battery-TA-RWARE/results/shelf/central_llm_experiments/natural/session_20260317_183938/phi4/medium_balanced_4v4/language/summary.json
A31: Shelf Deliveries | B31: Centralized | C31: Natural | D31: phi4 | E31: medium_agv_heavy_6v2 | F31: 0 | G31: session_20260317_183938 | H31: 172 | I31: NA | J31: 0 | L31: 10092.011 | N31: 0 | O31: 200 | P31: 0 | Q31: 860 | S31: 0 | T31: NA | U31: Battery-TA-RWARE/results/shelf/central_llm_experiments/natural/session_20260317_183938/phi4/medium_agv_heavy_6v2/language/summary.json
A32: Shelf Deliveries | B32: Centralized | C32: Natural | D32: qwen 14b (2.5) | E32: tiny_balanced_1v1 | F32: 0 | G32: session_20260317_183938 | H32: 28 | I32: NA | J32: 0 | L32: 578.21129 | M32: 32 | N32: 1 | O32: 232 | P32: 4.3103448 | Q32: 120.68966 | R32: 28 | S32: 0 | T32: NA | U32: Battery-TA-RWARE/results/shelf/central_llm_experiments/natural/session_20260317_183938/qwen2.5_14b/tiny_balanced_1v1/language/summary.json
A33: Shelf Deliveries | B33: Centralized | C33: Natural | D33: qwen 14b (2.5) | E33: small_picker_heavy_2v4 | F33: 0 | G33: session_20260317_183938 | H33: 139 | I33: NA | J33: 0 | L33: 3843.5694 | M33: 168 | N33: 1 | O33: 368 | P33: 2.7173913 | Q33: 377.71739 | R33: 139 | S33: 0 | T33: NA | U33: Battery-TA-RWARE/results/shelf/central_llm_experiments/natural/session_20260317_183938/qwen2.5_14b/small_picker_heavy_2v4/language/summary.json
A34: Shelf Deliveries | B34: Centralized | C34: Natural | D34: qwen 14b (2.5) | E34: small_balanced_2v2 | F34: 0 | G34: session_20260317_183938 | H34: 202 | I34: NA | J34: 0 | L34: 5339.3967 | M34: 116 | N34: 2 | O34: 366 | P34: 5.4644809 | Q34: 551.91257 | R34: 101 | S34: 0 | T34: NA | U34: Battery-TA-RWARE/results/shelf/central_llm_experiments/natural/session_20260317_183938/qwen2.5_14b/small_balanced_2v2/language/summary.json
A35: Shelf Deliveries | B35: Centralized | C35: Natural | D35: qwen 14b (2.5) | E35: small_agv_heavy_4v2 | F35: 0 | G35: session_20260317_183938 | H35: 200 | I35: NA | J35: 0 | L35: 6340.1374 | N35: 0 | O35: 200 | P35: 0 | Q35: 1000 | S35: 0 | T35: NA | U35: Battery-TA-RWARE/results/shelf/central_llm_experiments/natural/session_20260317_183938/qwen2.5_14b/small_agv_heavy_4v2/language/summary.json
A36: Shelf Deliveries | B36: Centralized | C36: Natural | D36: qwen 14b (2.5) | E36: medium_balanced_4v4 | F36: 0 | G36: session_20260317_183938 | H36: 149 | I36: NA | J36: 0 | L36: 3904.9835 | N36: 0 | O36: 200 | P36: 0 | Q36: 745 | S36: 0 | T36: NA | U36: Battery-TA-RWARE/results/shelf/central_llm_experiments/natural/session_20260317_183938/qwen2.5_14b/medium_balanced_4v4/language/summary.json
A37: Shelf Deliveries | B37: Centralized | C37: Natural | D37: qwen 14b (2.5) | E37: medium_agv_heavy_6v2 | F37: 0 | G37: session_20260317_183938 | H37: 113 | I37: NA | J37: 0 | L37: 2980.2645 | N37: 0 | O37: 200 | P37: 0 | Q37: 565 | S37: 0 | T37: NA | U37: Battery-TA-RWARE/results/shelf/central_llm_experiments/natural/session_20260317_183938/qwen2.5_14b/medium_agv_heavy_6v2/language/summary.json
A38: Shelf Deliveries | B38: Shared | C38: Json | D38: llama 1b (3.2) | E38: tiny_balanced_1v1 | F38: 0 | G38: session_20260324_130956 | H38: 123 | I38: 0 | J38: 0 | L38: 98.271907 | N38: 0 | O38: 200 | P38: 0 | Q38: 615 | S38: 0 | T38: 0 | U38: Battery-TA-RWARE/results/shelf/shared_context_llm_experiments/JSON/session_20260324_130956/llama3.2_1b/tiny_balanced_1v1/json/summary.json
A39: Shelf Deliveries | B39: Shared | C39: Json | D39: llama 1b (3.2) | E39: small_picker_heavy_2v4 | F39: 0 | G39: session_20260324_130956 | H39: 338 | I39: 0 | J39: 0 | L39: 255.50166 | N39: 0 | O39: 200 | P39: 0 | Q39: 1690 | S39: 0 | T39: 0 | U39: Battery-TA-RWARE/results/shelf/shared_context_llm_experiments/JSON/session_20260324_130956/llama3.2_1b/small_picker_heavy_2v4/json/summary.json
A40: Shelf Deliveries | B40: Shared | C40: Json | D40: llama 1b (3.2) | E40: small_balanced_2v2 | F40: 0 | G40: session_20260324_130956 | H40: 186 | I40: 0 | J40: 0 | L40: 109.00923 | N40: 0 | O40: 200 | P40: 0 | Q40: 930 | S40: 0 | T40: 0 | U40: Battery-TA-RWARE/results/shelf/shared_context_llm_experiments/JSON/session_20260324_130956/llama3.2_1b/small_balanced_2v2/json/summary.json
A41: Shelf Deliveries | B41: Shared | C41: Json | D41: llama 1b (3.2) | E41: small_agv_heavy_4v2 | F41: 0 | G41: session_20260324_130956 | H41: 194 | I41: 0 | J41: 0 | L41: 163.98155 | N41: 0 | O41: 200 | P41: 0 | Q41: 970 | S41: 0 | T41: 0 | U41: Battery-TA-RWARE/results/shelf/shared_context_llm_experiments/JSON/session_20260324_130956/llama3.2_1b/small_agv_heavy_4v2/json/summary.json
A42: Shelf Deliveries | B42: Shared | C42: Json | D42: llama 1b (3.2) | E42: medium_balanced_4v4 | F42: 0 | G42: session_20260324_130956 | H42: 218 | I42: 0 | J42: 0 | L42: 163.03554 | N42: 0 | O42: 200 | P42: 0 | Q42: 1090 | S42: 0 | T42: 0 | U42: Battery-TA-RWARE/results/shelf/shared_context_llm_experiments/JSON/session_20260324_130956/llama3.2_1b/medium_balanced_4v4/json/summary.json
A43: Shelf Deliveries | B43: Shared | C43: Json | D43: llama 1b (3.2) | E43: medium_agv_heavy_6v2 | F43: 0 | G43: session_20260324_130956 | H43: 401 | I43: 0 | J43: 0 | L43: 374.54825 | N43: 0 | O43: 200 | P43: 0 | Q43: 2005 | S43: 0 | T43: 0 | U43: Battery-TA-RWARE/results/shelf/shared_context_llm_experiments/JSON/session_20260324_130956/llama3.2_1b/medium_agv_heavy_6v2/json/summary.json
A44: Shelf Deliveries | B44: Shared | C44: Json | D44: llama 3b (3.2) | E44: tiny_balanced_1v1 | F44: 0 | G44: session_20260324_130956 | H44: 102 | I44: 0 | J44: 0 | L44: 122.80366 | N44: 0 | O44: 200 | P44: 0 | Q44: 510 | S44: 0 | T44: 0 | U44: Battery-TA-RWARE/results/shelf/shared_context_llm_experiments/JSON/session_20260324_130956/llama3.2_3b/tiny_balanced_1v1/json/summary.json
A45: Shelf Deliveries | B45: Shared | C45: Json | D45: llama 3b (3.2) | E45: small_picker_heavy_2v4 | F45: 0 | G45: session_20260324_130956 | H45: 284 | I45: 0 | J45: 0 | L45: 365.21797 | N45: 0 | O45: 200 | P45: 0 | Q45: 1420 | S45: 0 | T45: 0 | U45: Battery-TA-RWARE/results/shelf/shared_context_llm_experiments/JSON/session_20260324_130956/llama3.2_3b/small_picker_heavy_2v4/json/summary.json
A46: Shelf Deliveries | B46: Shared | C46: Json | D46: llama 3b (3.2) | E46: small_balanced_2v2 | F46: 0 | G46: session_20260324_130956 | H46: 171 | I46: 0 | J46: 0 | L46: 216.67455 | N46: 0 | O46: 200 | P46: 0 | Q46: 855 | S46: 0 | T46: 0 | U46: Battery-TA-RWARE/results/shelf/shared_context_llm_experiments/JSON/session_20260324_130956/llama3.2_3b/small_balanced_2v2/json/summary.json
A47: Shelf Deliveries | B47: Shared | C47: Json | D47: llama 3b (3.2) | E47: small_agv_heavy_4v2 | F47: 0 | G47: session_20260324_130956 | H47: 193 | I47: 0 | J47: 0 | L47: 245.54243 | N47: 0 | O47: 200 | P47: 0 | Q47: 965 | S47: 0 | T47: 0 | U47: Battery-TA-RWARE/results/shelf/shared_context_llm_experiments/JSON/session_20260324_130956/llama3.2_3b/small_agv_heavy_4v2/json/summary.json
A48: Shelf Deliveries | B48: Shared | C48: Json | D48: llama 3b (3.2) | E48: medium_balanced_4v4 | F48: 0 | G48: session_20260324_130956 | H48: 68 | I48: 0 | J48: 0 | L48: 92.563017 | N48: 0 | O48: 200 | P48: 0 | Q48: 340 | S48: 0 | T48: 0 | U48: Battery-TA-RWARE/results/shelf/shared_context_llm_experiments/JSON/session_20260324_130956/llama3.2_3b/medium_balanced_4v4/json/summary.json
A49: Shelf Deliveries | B49: Shared | C49: Json | D49: llama 3b (3.2) | E49: medium_agv_heavy_6v2 | F49: 0 | G49: session_20260324_130956 | H49: 86 | I49: 0 | J49: 0 | L49: 129.14321 | N49: 0 | O49: 200 | P49: 0 | Q49: 430 | S49: 0 | T49: 0 | U49: Battery-TA-RWARE/results/shelf/shared_context_llm_experiments/JSON/session_20260324_130956/llama3.2_3b/medium_agv_heavy_6v2/json/summary.json
... A73: Shelf Deliveries | B73: Shared | C73: Json | D73: qwen 14b (2.5) | E73: medium_agv_heavy_6v2 | F73: 0 | G73: session_20260324_130956 | H73: 359 | I73: 0 | J73: 0 | L73: 1346.2097 | N73: 0 | O73: 200 | P73: 0 | Q73: 1795 | S73: 0 | T73: 0 | U73: Battery-TA-RWARE/results/shelf/shared_context_llm_experiments/JSON/session_20260324_130956/qwen2.5_14b/medium_agv_heavy_6v2/json/summary.json
A74: Shelf Deliveries | B74: Shared | C74: Natural | D74: llama 1b (3.2) | E74: tiny_balanced_1v1 | F74: 0 | G74: session_20260321_215949 | H74: 122 | I74: NA | J74: 2 | L74: 798.50369 | M74: 153 | N74: 1 | O74: 353 | P74: 2.8328612 | Q74: 345.60907 | R74: 122 | S74: 0.016393443 | T74: NA | U74: Battery-TA-RWARE/results/shelf/shared_context_llm_experiments/natural/session_20260321_215949/llama3.2_1b/tiny_balanced_1v1/language/summary.json
A75: Shelf Deliveries | B75: Shared | C75: Natural | D75: llama 1b (3.2) | E75: small_picker_heavy_2v4 | F75: 0 | G75: session_20260321_215949 | H75: 278 | I75: NA | J75: 3 | L75: 1638.636 | M75: 174 | N75: 1 | O75: 374 | P75: 2.6737968 | Q75: 743.31551 | R75: 278 | S75: 0.010791367 | T75: NA | U75: Battery-TA-RWARE/results/shelf/shared_context_llm_experiments/natural/session_20260321_215949/llama3.2_1b/small_picker_heavy_2v4/language/summary.json
A76: Shelf Deliveries | B76: Shared | C76: Natural | D76: llama 1b (3.2) | E76: small_balanced_2v2 | F76: 0 | G76: session_20260321_215949 | H76: 102 | I76: NA | J76: 1 | L76: 1094.4613 | N76: 0 | O76: 200 | P76: 0 | Q76: 510 | S76: 0.0098039216 | T76: NA | U76: Battery-TA-RWARE/results/shelf/shared_context_llm_experiments/natural/session_20260321_215949/llama3.2_1b/small_balanced_2v2/language/summary.json
A77: Shelf Deliveries | B77: Shared | C77: Natural | D77: llama 1b (3.2) | E77: small_agv_heavy_4v2 | F77: 0 | G77: session_20260321_215949 | H77: 260 | I77: NA | J77: 1 | L77: 924.39652 | M77: 141 | N77: 1 | O77: 341 | P77: 2.9325513 | Q77: 762.46334 | R77: 260 | S77: 0.0038461538 | T77: NA | U77: Battery-TA-RWARE/results/shelf/shared_context_llm_experiments/natural/session_20260321_215949/llama3.2_1b/small_agv_heavy_4v2/language/summary.json
A78: Shelf Deliveries | B78: Shared | C78: Natural | D78: llama 1b (3.2) | E78: medium_balanced_4v4 | F78: 0 | G78: session_20260321_215949 | H78: 177 | I78: NA | J78: 1 | L78: 516.83236 | N78: 0 | O78: 200 | P78: 0 | Q78: 885 | S78: 0.0056497175 | T78: NA | U78: Battery-TA-RWARE/results/shelf/shared_context_llm_experiments/natural/session_20260321_215949/llama3.2_1b/medium_balanced_4v4/language/summary.json
A79: Shelf Deliveries | B79: Shared | C79: Natural | D79: llama 1b (3.2) | E79: medium_agv_heavy_6v2 | F79: 0 | G79: session_20260321_215949 | H79: 142 | I79: NA | J79: 1 | L79: 583.32847 | N79: 0 | O79: 200 | P79: 0 | Q79: 710 | S79: 0.0070422535 | T79: NA | U79: Battery-TA-RWARE/results/shelf/shared_context_llm_experiments/natural/session_20260321_215949/llama3.2_1b/medium_agv_heavy_6v2/language/summary.json
A80: Shelf Deliveries | B80: Shared | C80: Natural | D80: llama 3b (3.2) | E80: tiny_balanced_1v1 | F80: 0 | G80: session_20260321_215949 | H80: 90 | I80: NA | J80: 0 | L80: 487.37258 | M80: 70 | N80: 1 | O80: 270 | P80: 3.7037037 | Q80: 333.33333 | R80: 90 | S80: 0 | T80: NA | U80: Battery-TA-RWARE/results/shelf/shared_context_llm_experiments/natural/session_20260321_215949/llama3.2_3b/tiny_balanced_1v1/language/summary.json
A81: Shelf Deliveries | B81: Shared | C81: Natural | D81: llama 3b (3.2) | E81: small_picker_heavy_2v4 | F81: 0 | G81: session_20260321_215949 | H81: 159 | I81: NA | J81: 0 | L81: 588.03443 | N81: 0 | O81: 200 | P81: 0 | Q81: 795 | S81: 0 | T81: NA | U81: Battery-TA-RWARE/results/shelf/shared_context_llm_experiments/natural/session_20260321_215949/llama3.2_3b/small_picker_heavy_2v4/language/summary.json
A82: Shelf Deliveries | B82: Shared | C82: Natural | D82: llama 3b (3.2) | E82: small_balanced_2v2 | F82: 0 | G82: session_20260321_215949 | H82: 224 | I82: NA | J82: 0 | L82: 1046.4528 | M82: 135 | N82: 2 | O82: 341 | P82: 5.8651026 | Q82: 656.8915 | R82: 112 | S82: 0 | T82: NA | U82: Battery-TA-RWARE/results/shelf/shared_context_llm_experiments/natural/session_20260321_215949/llama3.2_3b/small_balanced_2v2/language/summary.json
A83: Shelf Deliveries | B83: Shared | C83: Natural | D83: llama 3b (3.2) | E83: small_agv_heavy_4v2 | F83: 0 | G83: session_20260321_215949 | H83: 355 | I83: NA | J83: 0 | L83: 1460.987 | M83: 169 | N83: 1 | O83: 369 | P83: 2.7100271 | Q83: 962.05962 | R83: 355 | S83: 0 | T83: NA | U83: Battery-TA-RWARE/results/shelf/shared_context_llm_experiments/natural/session_20260321_215949/llama3.2_3b/small_agv_heavy_4v2/language/summary.json
A84: Shelf Deliveries | B84: Shared | C84: Natural | D84: llama 3b (3.2) | E84: medium_balanced_4v4 | F84: 0 | G84: session_20260321_215949 | H84: 363 | I84: NA | J84: 0 | L84: 2282.1408 | M84: 151 | N84: 2 | O84: 416 | P84: 4.8076923 | Q84: 872.59615 | R84: 181.5 | S84: 0 | T84: NA | U84: Battery-TA-RWARE/results/shelf/shared_context_llm_experiments/natural/session_20260321_215949/llama3.2_3b/medium_balanced_4v4/language/summary.json
A85: Shelf Deliveries | B85: Shared | C85: Natural | D85: llama 3b (3.2) | E85: medium_agv_heavy_6v2 | F85: 0 | G85: session_20260321_215949 | H85: 109 | I85: NA | J85: 0 | L85: 397.7689 | N85: 0 | O85: 200 | P85: 0 | Q85: 545 | S85: 0 | T85: NA | U85: Battery-TA-RWARE/results/shelf/shared_context_llm_experiments/natural/session_20260321_215949/llama3.2_3b/medium_agv_heavy_6v2/language/summary.json
A86: Shelf Deliveries | B86: Shared | C86: Natural | D86: mistral 7b | E86: tiny_balanced_1v1 | F86: 0 | G86: session_20260321_215949 | H86: 67 | I86: NA | J86: 0 | L86: 566.38175 | M86: 84 | N86: 1 | O86: 284 | P86: 3.5211268 | Q86: 235.91549 | R86: 67 | S86: 0 | T86: NA | U86: Battery-TA-RWARE/results/shelf/shared_context_llm_experiments/natural/session_20260321_215949/mistral_7b/tiny_balanced_1v1/language/summary.json
A87: Shelf Deliveries | B87: Shared | C87: Natural | D87: mistral 7b | E87: small_picker_heavy_2v4 | F87: 0 | G87: session_20260321_215949 | H87: 353 | I87: NA | J87: 0 | L87: 3324.3051 | M87: 199 | N87: 1 | O87: 399 | P87: 2.5062657 | Q87: 884.71178 | R87: 353 | S87: 0 | T87: NA | U87: Battery-TA-RWARE/results/shelf/shared_context_llm_experiments/natural/session_20260321_215949/mistral_7b/small_picker_heavy_2v4/language/summary.json
A88: Shelf Deliveries | B88: Shared | C88: Natural | D88: mistral 7b | E88: small_balanced_2v2 | F88: 0 | G88: session_20260321_215949 | H88: 283 | I88: NA | J88: 0 | L88: 2545.3511 | M88: 59 | N88: 2 | O88: 346 | P88: 5.7803468 | Q88: 817.91908 | R88: 141.5 | S88: 0 | T88: NA | U88: Battery-TA-RWARE/results/shelf/shared_context_llm_experiments/natural/session_20260321_215949/mistral_7b/small_balanced_2v2/language/summary.json
A89: Shelf Deliveries | B89: Shared | C89: Natural | D89: mistral 7b | E89: small_agv_heavy_4v2 | F89: 0 | G89: session_20260321_215949 | H89: 125 | I89: NA | J89: 0 | L89: 1461.9303 | N89: 0 | O89: 200 | P89: 0 | Q89: 625 | S89: 0 | T89: NA | U89: Battery-TA-RWARE/results/shelf/shared_context_llm_experiments/natural/session_20260321_215949/mistral_7b/small_agv_heavy_4v2/language/summary.json
A90: Shelf Deliveries | B90: Shared | C90: Natural | D90: mistral 7b | E90: medium_balanced_4v4 | F90: 0 | G90: session_20260321_215949 | H90: 323 | I90: NA | J90: 17 | L90: 6649.329 | N90: 0 | O90: 200 | P90: 0 | Q90: 1615 | S90: 0.052631579 | T90: NA | U90: Battery-TA-RWARE/results/shelf/shared_context_llm_experiments/natural/session_20260321_215949/mistral_7b/medium_balanced_4v4/language/summary.json
A91: Shelf Deliveries | B91: Shared | C91: Natural | D91: mistral 7b | E91: medium_agv_heavy_6v2 | F91: 0 | G91: session_20260321_215949 | H91: 397 | I91: NA | J91: 31 | L91: 8983.1144 | N91: 0 | O91: 200 | P91: 0 | Q91: 1985 | S91: 0.078085642 | T91: NA | U91: Battery-TA-RWARE/results/shelf/shared_context_llm_experiments/natural/session_20260321_215949/mistral_7b/medium_agv_heavy_6v2/language/summary.json
A92: Shelf Deliveries | B92: Shared | C92: Natural | D92: gemma 12b | E92: tiny_balanced_1v1 | F92: 0 | G92: session_20260321_215949 | H92: 147 | I92: NA | J92: 0 | L92: 355.68769 | M92: 83 | N92: 1 | O92: 283 | P92: 3.5335689 | Q92: 519.43463 | R92: 147 | S92: 0 | T92: NA | U92: Battery-TA-RWARE/results/shelf/shared_context_llm_experiments/natural/session_20260321_215949/gemma3_12b/tiny_balanced_1v1/language/summary.json
A93: Shelf Deliveries | B93: Shared | C93: Natural | D93: gemma 12b | E93: small_picker_heavy_2v4 | F93: 0 | G93: session_20260321_215949 | H93: 343 | I93: NA | J93: 0 | L93: 708.87064 | N93: 0 | O93: 200 | P93: 0 | Q93: 1715 | S93: 0 | T93: NA | U93: Battery-TA-RWARE/results/shelf/shared_context_llm_experiments/natural/session_20260321_215949/gemma3_12b/small_picker_heavy_2v4/language/summary.json
A94: Shelf Deliveries | B94: Shared | C94: Natural | D94: gemma 12b | E94: small_balanced_2v2 | F94: 0 | G94: session_20260321_215949 | H94: 274 | I94: NA | J94: 0 | L94: 696.03439 | M94: 132 | N94: 1 | O94: 332 | P94: 3.0120482 | Q94: 825.3012 | R94: 274 | S94: 0 | T94: NA | U94: Battery-TA-RWARE/results/shelf/shared_context_llm_experiments/natural/session_20260321_215949/gemma3_12b/small_balanced_2v2/language/summary.json
A95: Shelf Deliveries | B95: Shared | C95: Natural | D95: gemma 12b | E95: small_agv_heavy_4v2 | F95: 0 | G95: session_20260321_215949 | H95: 272 | I95: NA | J95: 0 | L95: 858.55448 | M95: 75 | N95: 1 | O95: 275 | P95: 3.6363636 | Q95: 989.09091 | R95: 272 | S95: 0 | T95: NA | U95: Battery-TA-RWARE/results/shelf/shared_context_llm_experiments/natural/session_20260321_215949/gemma3_12b/small_agv_heavy_4v2/language/summary.json
A96: Shelf Deliveries | B96: Shared | C96: Natural | D96: gemma 12b | E96: medium_balanced_4v4 | F96: 0 | G96: session_20260321_215949 | H96: 369 | I96: NA | J96: 2 | L96: 998.72763 | N96: 0 | O96: 200 | P96: 0 | Q96: 1845 | S96: 0.0054200542 | T96: NA | U96: Battery-TA-RWARE/results/shelf/shared_context_llm_experiments/natural/session_20260321_215949/gemma3_12b/medium_balanced_4v4/language/summary.json
A97: Shelf Deliveries | B97: Shared | C97: Natural | D97: gemma 12b | E97: medium_agv_heavy_6v2 | F97: 0 | G97: session_20260321_215949 | H97: 368 | I97: NA | J97: 1 | L97: 1099.4383 | N97: 0 | O97: 200 | P97: 0 | Q97: 1840 | S97: 0.0027173913 | T97: NA | U97: Battery-TA-RWARE/results/shelf/shared_context_llm_experiments/natural/session_20260321_215949/gemma3_12b/medium_agv_heavy_6v2/language/summary.json
A98: Shelf Deliveries | B98: Shared | C98: Natural | D98: phi4 | E98: tiny_balanced_1v1 | F98: 0 | G98: session_20260321_215949 | H98: 151 | I98: NA | J98: 0 | L98: 1271.0985 | M98: 79 | N98: 1 | O98: 279 | P98: 3.5842294 | Q98: 541.21864 | R98: 151 | S98: 0 | T98: NA | U98: Battery-TA-RWARE/results/shelf/shared_context_llm_experiments/natural/session_20260321_215949/phi4/tiny_balanced_1v1/language/summary.json
A99: Shelf Deliveries | B99: Shared | C99: Natural | D99: phi4 | E99: small_picker_heavy_2v4 | F99: 0 | G99: session_20260321_215949 | H99: 127 | I99: NA | J99: 0 | L99: 1019.8137 | N99: 0 | O99: 200 | P99: 0 | Q99: 635 | S99: 0 | T99: NA | U99: Battery-TA-RWARE/results/shelf/shared_context_llm_experiments/natural/session_20260321_215949/phi4/small_picker_heavy_2v4/language/summary.json
A100: Shelf Deliveries | B100: Shared | C100: Natural | D100: phi4 | E100: small_balanced_2v2 | F100: 0 | G100: session_20260321_215949 | H100: 129 | I100: NA | J100: 0 | L100: 1091.9134 | N100: 0 | O100: 200 | P100: 0 | Q100: 645 | S100: 0 | T100: NA | U100: Battery-TA-RWARE/results/shelf/shared_context_llm_experiments/natural/session_20260321_215949/phi4/small_balanced_2v2/language/summary.json
A101: Shelf Deliveries | B101: Shared | C101: Natural | D101: phi4 | E101: small_agv_heavy_4v2 | F101: 0 | G101: session_20260321_215949 | H101: 168 | I101: NA | J101: 0 | L101: 1525.1272 | N101: 0 | O101: 200 | P101: 0 | Q101: 840 | S101: 0 | T101: NA | U101: Battery-TA-RWARE/results/shelf/shared_context_llm_experiments/natural/session_20260321_215949/phi4/small_agv_heavy_4v2/language/summary.json
A102: Shelf Deliveries | B102: Shared | C102: Natural | D102: phi4 | E102: medium_balanced_4v4 | F102: 0 | G102: session_20260321_215949 | H102: 345 | I102: NA | J102: 0 | L102: 2983.6317 | N102: 0 | O102: 200 | P102: 0 | Q102: 1725 | S102: 0 | T102: NA | U102: Battery-TA-RWARE/results/shelf/shared_context_llm_experiments/natural/session_20260321_215949/phi4/medium_balanced_4v4/language/summary.json
A103: Shelf Deliveries | B103: Shared | C103: Natural | D103: phi4 | E103: medium_agv_heavy_6v2 | F103: 0 | G103: session_20260321_215949 | H103: 353 | I103: NA | J103: 0 | L103: 3236.726 | M103: 115 | N103: 1 | O103: 315 | P103: 3.1746032 | Q103: 1120.6349 | R103: 353 | S103: 0 | T103: NA | U103: Battery-TA-RWARE/results/shelf/shared_context_llm_experiments/natural/session_20260321_215949/phi4/medium_agv_heavy_6v2/language/summary.json
A104: Shelf Deliveries | B104: Shared | C104: Natural | D104: qwen 14b (2.5) | E104: tiny_balanced_1v1 | F104: 0 | G104: session_20260321_215949 | H104: 163 | I104: NA | J104: 0 | L104: 310.16072 | M104: 78 | N104: 1 | O104: 278 | P104: 3.5971223 | Q104: 586.33094 | R104: 163 | S104: 0 | T104: NA | U104: Battery-TA-RWARE/results/shelf/shared_context_llm_experiments/natural/session_20260321_215949/qwen2.5_14b/tiny_balanced_1v1/language/summary.json
A105: Shelf Deliveries | B105: Shared | C105: Natural | D105: qwen 14b (2.5) | E105: small_picker_heavy_2v4 | F105: 0 | G105: session_20260321_215949 | H105: 187 | I105: NA | J105: 0 | L105: 462.68913 | N105: 0 | O105: 200 | P105: 0 | Q105: 935 | S105: 0 | T105: NA | U105: Battery-TA-RWARE/results/shelf/shared_context_llm_experiments/natural/session_20260321_215949/qwen2.5_14b/small_picker_heavy_2v4/language/summary.json
A106: Shelf Deliveries | B106: Shared | C106: Natural | D106: qwen 14b (2.5) | E106: small_balanced_2v2 | F106: 0 | G106: session_20260321_215949 | H106: 207 | I106: NA | J106: 0 | L106: 588.67307 | M106: 71 | N106: 1 | O106: 271 | P106: 3.6900369 | Q106: 763.83764 | R106: 207 | S106: 0 | T106: NA | U106: Battery-TA-RWARE/results/shelf/shared_context_llm_experiments/natural/session_20260321_215949/qwen2.5_14b/small_balanced_2v2/language/summary.json
A107: Shelf Deliveries | B107: Shared | C107: Natural | D107: qwen 14b (2.5) | E107: small_agv_heavy_4v2 | F107: 0 | G107: session_20260321_215949 | H107: 361 | I107: NA | J107: 1 | L107: 1272.1483 | M107: 93 | N107: 2 | O107: 373 | P107: 5.3619303 | Q107: 967.82842 | R107: 180.5 | S107: 0.0027700831 | T107: NA | U107: Battery-TA-RWARE/results/shelf/shared_context_llm_experiments/natural/session_20260321_215949/qwen2.5_14b/small_agv_heavy_4v2/language/summary.json
A108: Shelf Deliveries | B108: Shared | C108: Natural | D108: qwen 14b (2.5) | E108: medium_balanced_4v4 | F108: 0 | G108: session_20260321_215949 | H108: 166 | I108: NA | J108: 0 | L108: 660.41588 | N108: 0 | O108: 200 | P108: 0 | Q108: 830 | S108: 0 | T108: NA | U108: Battery-TA-RWARE/results/shelf/shared_context_llm_experiments/natural/session_20260321_215949/qwen2.5_14b/medium_balanced_4v4/language/summary.json
A109: Shelf Deliveries | B109: Shared | C109: Natural | D109: qwen 14b (2.5) | E109: medium_agv_heavy_6v2 | F109: 0 | G109: session_20260321_215949 | H109: 427 | I109: NA | J109: 1 | L109: 1849.9741 | M109: 157 | N109: 3 | O109: 488 | P109: 6.147541 | Q109: 875 | R109: 142.33333 | S109: 0.0023419204 | T109: NA | U109: Battery-TA-RWARE/results/shelf/shared_context_llm_experiments/natural/session_20260321_215949/qwen2.5_14b/medium_agv_heavy_6v2/language/summary.json

Sheet Analysis 1 JSON vs Natural
A1: Scenario | B1: JSON runs | C1: JSON mean calls | D1: JSON mean deliveries | E1: JSON | F1: Natural runs | G1: Natural mean calls | H1: Natural mean deliveries | I1: Natural
A2: tiny_balanced_1v1 | B2: =COUNTIFS('Data Combined - all-runs'!$E:$E, A2, 'Data Combined - all-runs'!$C:$C, "Json") -> 39 | C2: =AVERAGEIFS('Data Combined - all-runs'!$H:$H, 'Data Combined - all-runs'!$E:$E, A2, 'Data Combined - all-runs'!$C:$C, "Json") -> 483.33333 | D2: =AVERAGEIFS('Data Combined - all-runs'!$N:$N, 'Data Combined - all-runs'!$E:$E, A2, 'Data Combined - all-runs'!$C:$C, "Json") -> 1.3589744 | E2: =(D2/C2)*1000 -> 2.8116711 | F2: =COUNTIFS('Data Combined - all-runs'!$E:$E, A2, 'Data Combined - all-runs'!$C:$C, "Natural") -> 55 | G2: =AVERAGEIFS('Data Combined - all-runs'!$H:$H, 'Data Combined - all-runs'!$E:$E, A2, 'Data Combined - all-runs'!$C:$C, "Natural") -> 697.38182 | H2: =AVERAGEIFS('Data Combined - all-runs'!$N:$N, 'Data Combined - all-runs'!$E:$E, A2, 'Data Combined - all-runs'!$C:$C, "Natural") -> 5 | I2: =(H2/G2)*1000 -> 7.1696736
A3: small_balanced_2v2 | B3: =COUNTIFS('Data Combined - all-runs'!$E:$E, A3, 'Data Combined - all-runs'!$C:$C, "Json") -> 39 | C3: =AVERAGEIFS('Data Combined - all-runs'!$H:$H, 'Data Combined - all-runs'!$E:$E, A3, 'Data Combined - all-runs'!$C:$C, "Json") -> 476.61538 | D3: =AVERAGEIFS('Data Combined - all-runs'!$N:$N, 'Data Combined - all-runs'!$E:$E, A3, 'Data Combined - all-runs'!$C:$C, "Json") -> 0.64102564 | E3: =(D3/C3)*1000 -> 1.3449537 | F3: =COUNTIFS('Data Combined - all-runs'!$E:$E, A3, 'Data Combined - all-runs'!$C:$C, "Natural") -> 53 | G3: =AVERAGEIFS('Data Combined - all-runs'!$H:$H, 'Data Combined - all-runs'!$E:$E, A3, 'Data Combined - all-runs'!$C:$C, "Natural") -> 939.32075 | H3: =AVERAGEIFS('Data Combined - all-runs'!$N:$N, 'Data Combined - all-runs'!$E:$E, A3, 'Data Combined - all-runs'!$C:$C, "Natural") -> 3.490566 | I3: =(H3/G3)*1000 -> 3.7160534
A4: small_agv_heavy_4v2 | B4: =COUNTIFS('Data Combined - all-runs'!$E:$E, A4, 'Data Combined - all-runs'!$C:$C, "Json") -> 37 | C4: =AVERAGEIFS('Data Combined - all-runs'!$H:$H, 'Data Combined - all-runs'!$E:$E, A4, 'Data Combined - all-runs'!$C:$C, "Json") -> 1027.2432 | D4: =AVERAGEIFS('Data Combined - all-runs'!$N:$N, 'Data Combined - all-runs'!$E:$E, A4, 'Data Combined - all-runs'!$C:$C, "Json") -> 4.5405405 | E4: =(D4/C4)*1000 -> 4.4201221 | F4: =COUNTIFS('Data Combined - all-runs'!$E:$E, A4, 'Data Combined - all-runs'!$C:$C, "Natural") -> 49 | G4: =AVERAGEIFS('Data Combined - all-runs'!$H:$H, 'Data Combined - all-runs'!$E:$E, A4, 'Data Combined - all-runs'!$C:$C, "Natural") -> 1557.9796 | H4: =AVERAGEIFS('Data Combined - all-runs'!$N:$N, 'Data Combined - all-runs'!$E:$E, A4, 'Data Combined - all-runs'!$C:$C, "Natural") -> 11.183673 | I4: =(H4/G4)*1000 -> 7.1783183
A5: small_picker_heavy_2v4 | B5: =COUNTIFS('Data Combined - all-runs'!$E:$E, A5, 'Data Combined - all-runs'!$C:$C, "Json") -> 33 | C5: =AVERAGEIFS('Data Combined - all-runs'!$H:$H, 'Data Combined - all-runs'!$E:$E, A5, 'Data Combined - all-runs'!$C:$C, "Json") -> 1437.8182 | D5: =AVERAGEIFS('Data Combined - all-runs'!$N:$N, 'Data Combined - all-runs'!$E:$E, A5, 'Data Combined - all-runs'!$C:$C, "Json") -> 3.8787879 | E5: =(D5/C5)*1000 -> 2.6976901 | F5: =COUNTIFS('Data Combined - all-runs'!$E:$E, A5, 'Data Combined - all-runs'!$C:$C, "Natural") -> 48 | G5: =AVERAGEIFS('Data Combined - all-runs'!$H:$H, 'Data Combined - all-runs'!$E:$E, A5, 'Data Combined - all-runs'!$C:$C, "Natural") -> 1919.3333 | H5: =AVERAGEIFS('Data Combined - all-runs'!$N:$N, 'Data Combined - all-runs'!$E:$E, A5, 'Data Combined - all-runs'!$C:$C, "Natural") -> 7 | I5: =(H5/G5)*1000 -> 3.6470997
A6: medium_balanced_4v4 | B6: =COUNTIFS('Data Combined - all-runs'!$E:$E, A6, 'Data Combined - all-runs'!$C:$C, "Json") -> 38 | C6: =AVERAGEIFS('Data Combined - all-runs'!$H:$H, 'Data Combined - all-runs'!$E:$E, A6, 'Data Combined - all-runs'!$C:$C, "Json") -> 1152.5263 | D6: =AVERAGEIFS('Data Combined - all-runs'!$N:$N, 'Data Combined - all-runs'!$E:$E, A6, 'Data Combined - all-runs'!$C:$C, "Json") -> 2.9210526 | E6: =(D6/C6)*1000 -> 2.534478 | F6: =COUNTIFS('Data Combined - all-runs'!$E:$E, A6, 'Data Combined - all-runs'!$C:$C, "Natural") -> 52 | G6: =AVERAGEIFS('Data Combined - all-runs'!$H:$H, 'Data Combined - all-runs'!$E:$E, A6, 'Data Combined - all-runs'!$C:$C, "Natural") -> 1989.5962 | H6: =AVERAGEIFS('Data Combined - all-runs'!$N:$N, 'Data Combined - all-runs'!$E:$E, A6, 'Data Combined - all-runs'!$C:$C, "Natural") -> 8.5384615 | I6: =(H6/G6)*1000 -> 4.2915551
A7: medium_agv_heavy_6v2 | B7: =COUNTIFS('Data Combined - all-runs'!$E:$E, A7, 'Data Combined - all-runs'!$C:$C, "Json") -> 35 | C7: =AVERAGEIFS('Data Combined - all-runs'!$H:$H, 'Data Combined - all-runs'!$E:$E, A7, 'Data Combined - all-runs'!$C:$C, "Json") -> 1056.7143 | D7: =AVERAGEIFS('Data Combined - all-runs'!$N:$N, 'Data Combined - all-runs'!$E:$E, A7, 'Data Combined - all-runs'!$C:$C, "Json") -> 2.7714286 | E7: =(D7/C7)*1000 -> 2.6226849 | F7: =COUNTIFS('Data Combined - all-runs'!$E:$E, A7, 'Data Combined - all-runs'!$C:$C, "Natural") -> 48 | G7: =AVERAGEIFS('Data Combined - all-runs'!$H:$H, 'Data Combined - all-runs'!$E:$E, A7, 'Data Combined - all-runs'!$C:$C, "Natural") -> 1384.5625 | H7: =AVERAGEIFS('Data Combined - all-runs'!$N:$N, 'Data Combined - all-runs'!$E:$E, A7, 'Data Combined - all-runs'!$C:$C, "Natural") -> 9.4375 | I7: =(H7/G7)*1000 -> 6.8162326
A9: Aggregate | B9: =SUM(B2:B7) -> 221 | C9: =SUM(C2:C7) -> 5634.2507 | D9: =SUM(D2:D7) -> 16.11181 | E9: =(D9/C9)*1000 -> 2.8596188 | F9: =SUM(F2:F7) -> 305 | G9: =SUM(G2:G7) -> 8488.1742 | H9: =SUM(H2:H7) -> 44.650201 | I9: =(H9/G9)*1000 -> 5.2602833
E11: Deliveries Per 1000 Calls | I11: Deliveries Per 1000 Calls
A14: Model | B14: JSON runs | C14: JSON mean calls | D14: JSON mean deliveries | E14: JSON | F14: Natural runs | G14: Natural mean calls | H14: Natural mean deliveries | I14: Natural
A15: llama 1b (3.2) | B15: =COUNTIFS('Data Combined - all-runs'!$D:$D, A15, 'Data Combined - all-runs'!$C:$C, "Json") -> 58 | C15: =AVERAGEIFS('Data Combined - all-runs'!$H:$H, 'Data Combined - all-runs'!$D:$D, A15, 'Data Combined - all-runs'!$C:$C, "Json") -> 760.34483 | D15: =AVERAGEIFS('Data Combined - all-runs'!$N:$N, 'Data Combined - all-runs'!$D:$D, A15, 'Data Combined - all-runs'!$C:$C, "Json") -> 0.32758621 | E15: =(D15/C15)*1000 -> 0.430839 | F15: =COUNTIFS('Data Combined - all-runs'!$D:$D, A15, 'Data Combined - all-runs'!$C:$C, "Natural") -> 64 | G15: =AVERAGEIFS('Data Combined - all-runs'!$H:$H, 'Data Combined - all-runs'!$D:$D, A15, 'Data Combined - all-runs'!$C:$C, "Natural") -> 1298.2344 | H15: =AVERAGEIFS('Data Combined - all-runs'!$N:$N, 'Data Combined - all-runs'!$D:$D, A15, 'Data Combined - all-runs'!$C:$C, "Natural") -> 4.390625 | I15: =(H15/G15)*1000 -> 3.3819972
A16: llama 3b (3.2) | B16: =COUNTIFS('Data Combined - all-runs'!$D:$D, A16, 'Data Combined - all-runs'!$C:$C, "Json") -> 36 | C16: =AVERAGEIFS('Data Combined - all-runs'!$H:$H, 'Data Combined - all-runs'!$D:$D, A16, 'Data Combined - all-runs'!$C:$C, "Json") -> 1081.3611 | D16: =AVERAGEIFS('Data Combined - all-runs'!$N:$N, 'Data Combined - all-runs'!$D:$D, A16, 'Data Combined - all-runs'!$C:$C, "Json") -> 1.6111111 | E16: =(D16/C16)*1000 -> 1.4898919 | F16: =COUNTIFS('Data Combined - all-runs'!$D:$D, A16, 'Data Combined - all-runs'!$C:$C, "Natural") -> 55 | G16: =AVERAGEIFS('Data Combined - all-runs'!$H:$H, 'Data Combined - all-runs'!$D:$D, A16, 'Data Combined - all-runs'!$C:$C, "Natural") -> 2112.8909 | H16: =AVERAGEIFS('Data Combined - all-runs'!$N:$N, 'Data Combined - all-runs'!$D:$D, A16, 'Data Combined - all-runs'!$C:$C, "Natural") -> 12.581818 | I16: =(H16/G16)*1000 -> 5.9547884
A17: mistral 7b | B17: =COUNTIFS('Data Combined - all-runs'!$D:$D, A17, 'Data Combined - all-runs'!$C:$C, "Json") -> 31 | C17: =AVERAGEIFS('Data Combined - all-runs'!$H:$H, 'Data Combined - all-runs'!$D:$D, A17, 'Data Combined - all-runs'!$C:$C, "Json") -> 952.67742 | D17: =AVERAGEIFS('Data Combined - all-runs'!$N:$N, 'Data Combined - all-runs'!$D:$D, A17, 'Data Combined - all-runs'!$C:$C, "Json") -> 3.5806452 | E17: =(D17/C17)*1000 -> 3.7585074 | F17: =COUNTIFS('Data Combined - all-runs'!$D:$D, A17, 'Data Combined - all-runs'!$C:$C, "Natural") -> 50 | G17: =AVERAGEIFS('Data Combined - all-runs'!$H:$H, 'Data Combined - all-runs'!$D:$D, A17, 'Data Combined - all-runs'!$C:$C, "Natural") -> 1901.6 | H17: =AVERAGEIFS('Data Combined - all-runs'!$N:$N, 'Data Combined - all-runs'!$D:$D, A17, 'Data Combined - all-runs'!$C:$C, "Natural") -> 8.58 | I17: =(H17/G17)*1000 -> 4.5119899
A18: gemma 12b | B18: =COUNTIFS('Data Combined - all-runs'!$D:$D, A18, 'Data Combined - all-runs'!$C:$C, "Json") -> 30 | C18: =AVERAGEIFS('Data Combined - all-runs'!$H:$H, 'Data Combined - all-runs'!$D:$D, A18, 'Data Combined - all-runs'!$C:$C, "Json") -> 1329.9667 | D18: =AVERAGEIFS('Data Combined - all-runs'!$N:$N, 'Data Combined - all-runs'!$D:$D, A18, 'Data Combined - all-runs'!$C:$C, "Json") -> 3.4333333 | E18: =(D18/C18)*1000 -> 2.5815183 | F18: =COUNTIFS('Data Combined - all-runs'!$D:$D, A18, 'Data Combined - all-runs'!$C:$C, "Natural") -> 64 | G18: =AVERAGEIFS('Data Combined - all-runs'!$H:$H, 'Data Combined - all-runs'!$D:$D, A18, 'Data Combined - all-runs'!$C:$C, "Natural") -> 1070.0938 | H18: =AVERAGEIFS('Data Combined - all-runs'!$N:$N, 'Data Combined - all-runs'!$D:$D, A18, 'Data Combined - all-runs'!$C:$C, "Natural") -> 6.765625 | I18: =(H18/G18)*1000 -> 6.3224601
A19: phi4 | B19: =COUNTIFS('Data Combined - all-runs'!$D:$D, A19, 'Data Combined - all-runs'!$C:$C, "Json") -> 36 | C19: =AVERAGEIFS('Data Combined - all-runs'!$H:$H, 'Data Combined - all-runs'!$D:$D, A19, 'Data Combined - all-runs'!$C:$C, "Json") -> 646.19444 | D19: =AVERAGEIFS('Data Combined - all-runs'!$N:$N, 'Data Combined - all-runs'!$D:$D, A19, 'Data Combined - all-runs'!$C:$C, "Json") -> 4.8888889 | E19: =(D19/C19)*1000 -> 7.5656622 | F19: =COUNTIFS('Data Combined - all-runs'!$D:$D, A19, 'Data Combined - all-runs'!$C:$C, "Natural") -> 36 | G19: =AVERAGEIFS('Data Combined - all-runs'!$H:$H, 'Data Combined - all-runs'!$D:$D, A19, 'Data Combined - all-runs'!$C:$C, "Natural") -> 726.55556 | H19: =AVERAGEIFS('Data Combined - all-runs'!$N:$N, 'Data Combined - all-runs'!$D:$D, A19, 'Data Combined - all-runs'!$C:$C, "Natural") -> 4.75 | I19: =(H19/G19)*1000 -> 6.5376969
A20: qwen 14b (2.5) | B20: =COUNTIFS('Data Combined - all-runs'!$D:$D, A20, 'Data Combined - all-runs'!$C:$C, "Json") -> 30 | C20: =AVERAGEIFS('Data Combined - all-runs'!$H:$H, 'Data Combined - all-runs'!$D:$D, A20, 'Data Combined - all-runs'!$C:$C, "Json") -> 931.7 | D20: =AVERAGEIFS('Data Combined - all-runs'!$N:$N, 'Data Combined - all-runs'!$D:$D, A20, 'Data Combined - all-runs'!$C:$C, "Json") -> 3.8333333 | E20: =(D20/C20)*1000 -> 4.114343 | F20: =COUNTIFS('Data Combined - all-runs'!$D:$D, A20, 'Data Combined - all-runs'!$C:$C, "Natural") -> 36 | G20: =AVERAGEIFS('Data Combined - all-runs'!$H:$H, 'Data Combined - all-runs'!$D:$D, A20, 'Data Combined - all-runs'!$C:$C, "Natural") -> 1041.9167 | H20: =AVERAGEIFS('Data Combined - all-runs'!$N:$N, 'Data Combined - all-runs'!$D:$D, A20, 'Data Combined - all-runs'!$C:$C, "Natural") -> 6.5277778 | I20: =(H20/G20)*1000 -> 6.265163
A22: Aggregate | B22: =SUM(B15:B20) -> 221 | C22: =SUM(C15:C20) -> 5702.2445 | D22: =SUM(D15:D20) -> 17.674898 | E22: =(D22/C22)*1000 -> 3.0996388 | F22: =SUM(F15:F20) -> 305 | G22: =SUM(G15:G20) -> 8151.2913 | H22: =SUM(H15:H20) -> 43.595846 | I22: =(H22/G22)*1000 -> 5.3483362
A26: Arch | B26: JSON runs | C26: JSON mean calls | D26: JSON mean deliveries | E26: Delivery per 1000 calls | F26: Natural runs | G26: Natural mean calls | H26: Natural mean deliveries | I26: Delivery per 1000 calls
A27: Centralized | B27: =COUNTIFS('Data Combined - all-runs'!$B:$B, A27, 'Data Combined - all-runs'!$C:$C, "Json") -> 126 | C27: =AVERAGEIFS('Data Combined - all-runs'!$H:$H, 'Data Combined - all-runs'!$B:$B, A27, 'Data Combined - all-runs'!$C:$C, "Json") -> 487.30159 | D27: =AVERAGEIFS('Data Combined - all-runs'!$N:$N, 'Data Combined - all-runs'!$B:$B, A27, 'Data Combined - all-runs'!$C:$C, "Json") -> 2.6825397 | E27: =(D27/C27)*1000 -> 5.504886 | F27: =COUNTIFS('Data Combined - all-runs'!$B:$B, A27, 'Data Combined - all-runs'!$C:$C, "Natural") -> 125 | G27: =AVERAGEIFS('Data Combined - all-runs'!$H:$H, 'Data Combined - all-runs'!$B:$B, A27, 'Data Combined - all-runs'!$C:$C, "Natural") -> 787.888 | H27: =AVERAGEIFS('Data Combined - all-runs'!$N:$N, 'Data Combined - all-runs'!$B:$B, A27, 'Data Combined - all-runs'!$C:$C, "Natural") -> 5.416 | I27: =(H27/G27)*1000 -> 6.8740735
A28: Shared | B28: =COUNTIFS('Data Combined - all-runs'!$B:$B, A28, 'Data Combined - all-runs'!$C:$C, "Json") -> 95 | C28: =AVERAGEIFS('Data Combined - all-runs'!$H:$H, 'Data Combined - all-runs'!$B:$B, A28, 'Data Combined - all-runs'!$C:$C, "Json") -> 1497.6316 | D28: =AVERAGEIFS('Data Combined - all-runs'!$N:$N, 'Data Combined - all-runs'!$B:$B, A28, 'Data Combined - all-runs'!$C:$C, "Json") -> 2.5684211 | E28: =(D28/C28)*1000 -> 1.7149886 | F28: =COUNTIFS('Data Combined - all-runs'!$B:$B, A28, 'Data Combined - all-runs'!$C:$C, "Natural") -> 180 | G28: =AVERAGEIFS('Data Combined - all-runs'!$H:$H, 'Data Combined - all-runs'!$B:$B, A28, 'Data Combined - all-runs'!$C:$C, "Natural") -> 1822.45 | H28: =AVERAGEIFS('Data Combined - all-runs'!$N:$N, 'Data Combined - all-runs'!$B:$B, A28, 'Data Combined - all-runs'!$C:$C, "Natural") -> 8.6888889 | I28: =(H28/G28)*1000 -> 4.7676967
A31: Prompt Efficiency by Coordination Architecture
A32: Centralized JSON | B32: =E27 -> 5.504886
A33: Centralized Natural | B33: =I27 -> 6.8740735
A34: Shared JSON | B34: =E28 -> 1.7149886
A35: Shared Natural | B35: =I28 -> 4.7676967
A39: Two points supporting deliveries per 1000 LLM calls instead of raw mean deliveries: It normalizes for unequal episode length caused by stopping rules. Runs with no deliveries may stop early due to inactivity, while successful runs continue longer and can accumulate more deliveries. Raw mean deliveries can therefore favor runs that simply had more opportunity to continue. It measures coordination efficiency, not just task output. Each LLM call represents a coordination/inference decision. Deliveries per 1000 calls shows how effectively a prompt format converts LLM interactions into completed deliveries, making JSON and Natural prompts more fairly comparable.
G58: Note, delivery wise, shared is better, but if we take into the number of llm calls required, it shows a different number
A67: Scenario | B67: JSON combinations | C67: JSON mean calls | D67: JSON mean deliveries | E67: JSON | F67: Natural combinations | G67: Natural mean calls | H67: Natural mean deliveries | I67: Natural
A68: tiny_balanced_1v1 | B68: =COUNTIFS( 'Data averaged'!$E:$E,$A68, 'Data averaged'!$C:$C,"Json", 'Data averaged'!$U:$U,TRUE ) -> 24 | C68: =AVERAGEIFS( 'Data averaged'!$H:$H, 'Data averaged'!$E:$E,$A68, 'Data averaged'!$C:$C,"Json", 'Data averaged'!$U:$U,TRUE ) -> 553.78125 | D68: =AVERAGEIFS( 'Data averaged'!$N:$N, 'Data averaged'!$E:$E,$A68, 'Data averaged'!$C:$C,"Json", 'Data averaged'!$U:$U,TRUE ) -> 1.9583333 | E68: =(D68/C68)*1000 -> 3.536294 | F68: =COUNTIFS( 'Data averaged'!$E:$E,$A68, 'Data averaged'!$C:$C,"Natural", 'Data averaged'!$U:$U,TRUE ) -> 24 | G68: =AVERAGEIFS( 'Data averaged'!$H:$H, 'Data averaged'!$E:$E,$A68, 'Data averaged'!$C:$C,"Natural", 'Data averaged'!$U:$U,TRUE ) -> 580.51389 | H68: =AVERAGEIFS( 'Data averaged'!$N:$N, 'Data averaged'!$E:$E,$A68, 'Data averaged'!$C:$C,"Natural", 'Data averaged'!$U:$U,TRUE ) -> 4.3263889 | I68: =(H68/G68)*1000 -> 7.452688
A69: small_balanced_2v2 | B69: =COUNTIFS( 'Data averaged'!$E:$E,$A69, 'Data averaged'!$C:$C,"Json", 'Data averaged'!$U:$U,TRUE ) -> 24 | C69: =AVERAGEIFS( 'Data averaged'!$H:$H, 'Data averaged'!$E:$E,$A69, 'Data averaged'!$C:$C,"Json", 'Data averaged'!$U:$U,TRUE ) -> 485.70833 | D69: =AVERAGEIFS( 'Data averaged'!$N:$N, 'Data averaged'!$E:$E,$A69, 'Data averaged'!$C:$C,"Json", 'Data averaged'!$U:$U,TRUE ) -> 0.64583333 | E69: =(D69/C69)*1000 -> 1.3296732 | F69: =COUNTIFS( 'Data averaged'!$E:$E,$A69, 'Data averaged'!$C:$C,"Natural", 'Data averaged'!$U:$U,TRUE ) -> 24 | G69: =AVERAGEIFS( 'Data averaged'!$H:$H, 'Data averaged'!$E:$E,$A69, 'Data averaged'!$C:$C,"Natural", 'Data averaged'!$U:$U,TRUE ) -> 803.55556 | H69: =AVERAGEIFS( 'Data averaged'!$N:$N, 'Data averaged'!$E:$E,$A69, 'Data averaged'!$C:$C,"Natural", 'Data averaged'!$U:$U,TRUE ) -> 3.3958333 | I69: =(H69/G69)*1000 -> 4.2260094
A70: small_agv_heavy_4v2 | B70: =COUNTIFS( 'Data averaged'!$E:$E,$A70, 'Data averaged'!$C:$C,"Json", 'Data averaged'!$U:$U,TRUE ) -> 24 | C70: =AVERAGEIFS( 'Data averaged'!$H:$H, 'Data averaged'!$E:$E,$A70, 'Data averaged'!$C:$C,"Json", 'Data averaged'!$U:$U,TRUE ) -> 1326.7 | D70: =AVERAGEIFS( 'Data averaged'!$N:$N, 'Data averaged'!$E:$E,$A70, 'Data averaged'!$C:$C,"Json", 'Data averaged'!$U:$U,TRUE ) -> 6.4375 | E70: =(D70/C70)*1000 -> 4.852265 | F70: =COUNTIFS( 'Data averaged'!$E:$E,$A70, 'Data averaged'!$C:$C,"Natural", 'Data averaged'!$U:$U,TRUE ) -> 24 | G70: =AVERAGEIFS( 'Data averaged'!$H:$H, 'Data averaged'!$E:$E,$A70, 'Data averaged'!$C:$C,"Natural", 'Data averaged'!$U:$U,TRUE ) -> 1495.1458 | H70: =AVERAGEIFS( 'Data averaged'!$N:$N, 'Data averaged'!$E:$E,$A70, 'Data averaged'!$C:$C,"Natural", 'Data averaged'!$U:$U,TRUE ) -> 11.083333 | I70: =(H70/G70)*1000 -> 7.4128778
A71: small_picker_heavy_2v4 | B71: =COUNTIFS( 'Data averaged'!$E:$E,$A71, 'Data averaged'!$C:$C,"Json", 'Data averaged'!$U:$U,TRUE ) -> 24 | C71: =AVERAGEIFS( 'Data averaged'!$H:$H, 'Data averaged'!$E:$E,$A71, 'Data averaged'!$C:$C,"Json", 'Data averaged'!$U:$U,TRUE ) -> 1718.75 | D71: =AVERAGEIFS( 'Data averaged'!$N:$N, 'Data averaged'!$E:$E,$A71, 'Data averaged'!$C:$C,"Json", 'Data averaged'!$U:$U,TRUE ) -> 4.8958333 | E71: =(D71/C71)*1000 -> 2.8484848 | F71: =COUNTIFS( 'Data averaged'!$E:$E,$A71, 'Data averaged'!$C:$C,"Natural", 'Data averaged'!$U:$U,TRUE ) -> 24 | G71: =AVERAGEIFS( 'Data averaged'!$H:$H, 'Data averaged'!$E:$E,$A71, 'Data averaged'!$C:$C,"Natural", 'Data averaged'!$U:$U,TRUE ) -> 1703.3542 | H71: =AVERAGEIFS( 'Data averaged'!$N:$N, 'Data averaged'!$E:$E,$A71, 'Data averaged'!$C:$C,"Natural", 'Data averaged'!$U:$U,TRUE ) -> 6.6041667 | I71: =(H71/G71)*1000 -> 3.8771541
A72: medium_balanced_4v4 | B72: =COUNTIFS( 'Data averaged'!$E:$E,$A72, 'Data averaged'!$C:$C,"Json", 'Data averaged'!$U:$U,TRUE ) -> 24 | C72: =AVERAGEIFS( 'Data averaged'!$H:$H, 'Data averaged'!$E:$E,$A72, 'Data averaged'!$C:$C,"Json", 'Data averaged'!$U:$U,TRUE ) -> 1474.8583 | D72: =AVERAGEIFS( 'Data averaged'!$N:$N, 'Data averaged'!$E:$E,$A72, 'Data averaged'!$C:$C,"Json", 'Data averaged'!$U:$U,TRUE ) -> 4.4166667 | E72: =(D72/C72)*1000 -> 2.9946379 | F72: =COUNTIFS( 'Data averaged'!$E:$E,$A72, 'Data averaged'!$C:$C,"Natural", 'Data averaged'!$U:$U,TRUE ) -> 24 | G72: =AVERAGEIFS( 'Data averaged'!$H:$H, 'Data averaged'!$E:$E,$A72, 'Data averaged'!$C:$C,"Natural", 'Data averaged'!$U:$U,TRUE ) -> 1737.5764 | H72: =AVERAGEIFS( 'Data averaged'!$N:$N, 'Data averaged'!$E:$E,$A72, 'Data averaged'!$C:$C,"Natural", 'Data averaged'!$U:$U,TRUE ) -> 8.2083333 | I72: =(H72/G72)*1000 -> 4.7240129
A73: medium_agv_heavy_6v2 | B73: =COUNTIFS( 'Data averaged'!$E:$E,$A73, 'Data averaged'!$C:$C,"Json", 'Data averaged'!$U:$U,TRUE ) -> 24 | C73: =AVERAGEIFS( 'Data averaged'!$H:$H, 'Data averaged'!$E:$E,$A73, 'Data averaged'!$C:$C,"Json", 'Data averaged'!$U:$U,TRUE ) -> 1322.6389 | D73: =AVERAGEIFS( 'Data averaged'!$N:$N, 'Data averaged'!$E:$E,$A73, 'Data averaged'!$C:$C,"Json", 'Data averaged'!$U:$U,TRUE ) -> 3.8333333 | E73: =(D73/C73)*1000 -> 2.8982464 | F73: =COUNTIFS( 'Data averaged'!$E:$E,$A73, 'Data averaged'!$C:$C,"Natural", 'Data averaged'!$U:$U,TRUE ) -> 24 | G73: =AVERAGEIFS( 'Data averaged'!$H:$H, 'Data averaged'!$E:$E,$A73, 'Data averaged'!$C:$C,"Natural", 'Data averaged'!$U:$U,TRUE ) -> 1299.8333 | H73: =AVERAGEIFS( 'Data averaged'!$N:$N, 'Data averaged'!$E:$E,$A73, 'Data averaged'!$C:$C,"Natural", 'Data averaged'!$U:$U,TRUE ) -> 9.2916667 | I73: =(H73/G73)*1000 -> 7.1483524
B75: =SUM(B68:B73) -> 144 | C75: =SUMPRODUCT(B68:B73,C68:C73)/SUM(B68:B73) -> 1147.0728 | D75: =SUMPRODUCT(B68:B73,D68:D73)/SUM(B68:B73) -> 3.6979167 | E75: =(D75/C75)*1000 -> 3.2237855 | F75: =SUM(F68:F73) -> 144 | G75: =SUMPRODUCT(F68:F73,G68:G73)/SUM(F68:F73) -> 1269.9965 | H75: =SUMPRODUCT(F68:F73,H68:H73)/SUM(F68:F73) -> 7.1516204 | I75: =(H75/G75)*1000 -> 5.6312125
A80: Model | B80: JSON combinations | C80: JSON mean calls | D80: JSON mean deliveries | E80: JSON | F80: Natural combinations | G80: Natural mean calls | H80: Natural mean deliveries | I80: Natural
A81: llama 1b (3.2) | B81: =COUNTIFS( 'Data averaged'!$D:$D,$A81, 'Data averaged'!$C:$C,"Json", 'Data averaged'!$U:$U,TRUE ) -> 24 | C81: =AVERAGEIFS( 'Data averaged'!$H:$H, 'Data averaged'!$D:$D,$A81, 'Data averaged'!$C:$C,"Json", 'Data averaged'!$U:$U,TRUE ) -> 990.47847 | D81: =AVERAGEIFS( 'Data averaged'!$N:$N, 'Data averaged'!$D:$D,$A81, 'Data averaged'!$C:$C,"Json", 'Data averaged'!$U:$U,TRUE ) -> 0.75 | E81: =(D81/C81)*1000 -> 0.75720979 | F81: =COUNTIFS( 'Data averaged'!$D:$D,$A81, 'Data averaged'!$C:$C,"Natural", 'Data averaged'!$U:$U,TRUE ) -> 24 | G81: =AVERAGEIFS( 'Data averaged'!$H:$H, 'Data averaged'!$D:$D,$A81, 'Data averaged'!$C:$C,"Natural", 'Data averaged'!$U:$U,TRUE ) -> 1030.0833 | H81: =AVERAGEIFS( 'Data averaged'!$N:$N, 'Data averaged'!$D:$D,$A81, 'Data averaged'!$C:$C,"Natural", 'Data averaged'!$U:$U,TRUE ) -> 2.8055556 | I81: =(H81/G81)*1000 -> 2.72362
A82: llama 3b (3.2) | B82: =COUNTIFS( 'Data averaged'!$D:$D,$A82, 'Data averaged'!$C:$C,"Json", 'Data averaged'!$U:$U,TRUE ) -> 24 | C82: =AVERAGEIFS( 'Data averaged'!$H:$H, 'Data averaged'!$D:$D,$A82, 'Data averaged'!$C:$C,"Json", 'Data averaged'!$U:$U,TRUE ) -> 1230.3958 | D82: =AVERAGEIFS( 'Data averaged'!$N:$N, 'Data averaged'!$D:$D,$A82, 'Data averaged'!$C:$C,"Json", 'Data averaged'!$U:$U,TRUE ) -> 2.3333333 | E82: =(D82/C82)*1000 -> 1.8964087 | F82: =COUNTIFS( 'Data averaged'!$D:$D,$A82, 'Data averaged'!$C:$C,"Natural", 'Data averaged'!$U:$U,TRUE ) -> 24 | G82: =AVERAGEIFS( 'Data averaged'!$H:$H, 'Data averaged'!$D:$D,$A82, 'Data averaged'!$C:$C,"Natural", 'Data averaged'!$U:$U,TRUE ) -> 1958.9583 | H82: =AVERAGEIFS( 'Data averaged'!$N:$N, 'Data averaged'!$D:$D,$A82, 'Data averaged'!$C:$C,"Natural", 'Data averaged'!$U:$U,TRUE ) -> 12.083333 | I82: =(H82/G82)*1000 -> 6.1682442
A83: mistral 7b | B83: =COUNTIFS( 'Data averaged'!$D:$D,$A83, 'Data averaged'!$C:$C,"Json", 'Data averaged'!$U:$U,TRUE ) -> 24 | C83: =AVERAGEIFS( 'Data averaged'!$H:$H, 'Data averaged'!$D:$D,$A83, 'Data averaged'!$C:$C,"Json", 'Data averaged'!$U:$U,TRUE ) -> 1175.5833 | D83: =AVERAGEIFS( 'Data averaged'!$N:$N, 'Data averaged'!$D:$D,$A83, 'Data averaged'!$C:$C,"Json", 'Data averaged'!$U:$U,TRUE ) -> 4.4166667 | E83: =(D83/C83)*1000 -> 3.7570001 | F83: =COUNTIFS( 'Data averaged'!$D:$D,$A83, 'Data averaged'!$C:$C,"Natural", 'Data averaged'!$U:$U,TRUE ) -> 24 | G83: =AVERAGEIFS( 'Data averaged'!$H:$H, 'Data averaged'!$D:$D,$A83, 'Data averaged'!$C:$C,"Natural", 'Data averaged'!$U:$U,TRUE ) -> 1731.2917 | H83: =AVERAGEIFS( 'Data averaged'!$N:$N, 'Data averaged'!$D:$D,$A83, 'Data averaged'!$C:$C,"Natural", 'Data averaged'!$U:$U,TRUE ) -> 7.5416667 | I83: =(H83/G83)*1000 -> 4.3560925
A84: gemma 12b | B84: =COUNTIFS( 'Data averaged'!$D:$D,$A84, 'Data averaged'!$C:$C,"Json", 'Data averaged'!$U:$U,TRUE ) -> 24 | C84: =AVERAGEIFS( 'Data averaged'!$H:$H, 'Data averaged'!$D:$D,$A84, 'Data averaged'!$C:$C,"Json", 'Data averaged'!$U:$U,TRUE ) -> 1621.2083 | D84: =AVERAGEIFS( 'Data averaged'!$N:$N, 'Data averaged'!$D:$D,$A84, 'Data averaged'!$C:$C,"Json", 'Data averaged'!$U:$U,TRUE ) -> 4.2083333 | E84: =(D84/C84)*1000 -> 2.5958005 | F84: =COUNTIFS( 'Data averaged'!$D:$D,$A84, 'Data averaged'!$C:$C,"Natural", 'Data averaged'!$U:$U,TRUE ) -> 24 | G84: =AVERAGEIFS( 'Data averaged'!$H:$H, 'Data averaged'!$D:$D,$A84, 'Data averaged'!$C:$C,"Natural", 'Data averaged'!$U:$U,TRUE ) -> 1074.3542 | H84: =AVERAGEIFS( 'Data averaged'!$N:$N, 'Data averaged'!$D:$D,$A84, 'Data averaged'!$C:$C,"Natural", 'Data averaged'!$U:$U,TRUE ) -> 7.6875 | I84: =(H84/G84)*1000 -> 7.1554616
A85: phi4 | B85: =COUNTIFS( 'Data averaged'!$D:$D,$A85, 'Data averaged'!$C:$C,"Json", 'Data averaged'!$U:$U,TRUE ) -> 24 | C85: =AVERAGEIFS( 'Data averaged'!$H:$H, 'Data averaged'!$D:$D,$A85, 'Data averaged'!$C:$C,"Json", 'Data averaged'!$U:$U,TRUE ) -> 724.0625 | D85: =AVERAGEIFS( 'Data averaged'!$N:$N, 'Data averaged'!$D:$D,$A85, 'Data averaged'!$C:$C,"Json", 'Data averaged'!$U:$U,TRUE ) -> 5.8125 | E85: =(D85/C85)*1000 -> 8.0276219 | F85: =COUNTIFS( 'Data averaged'!$D:$D,$A85, 'Data averaged'!$C:$C,"Natural", 'Data averaged'!$U:$U,TRUE ) -> 24 | G85: =AVERAGEIFS( 'Data averaged'!$H:$H, 'Data averaged'!$D:$D,$A85, 'Data averaged'!$C:$C,"Natural", 'Data averaged'!$U:$U,TRUE ) -> 752.25 | H85: =AVERAGEIFS( 'Data averaged'!$N:$N, 'Data averaged'!$D:$D,$A85, 'Data averaged'!$C:$C,"Natural", 'Data averaged'!$U:$U,TRUE ) -> 5.7916667 | I85: =(H85/G85)*1000 -> 7.6991248
A86: qwen 14b (2.5) | B86: =COUNTIFS( 'Data averaged'!$D:$D,$A86, 'Data averaged'!$C:$C,"Json", 'Data averaged'!$U:$U,TRUE ) -> 24 | C86: =AVERAGEIFS( 'Data averaged'!$H:$H, 'Data averaged'!$D:$D,$A86, 'Data averaged'!$C:$C,"Json", 'Data averaged'!$U:$U,TRUE ) -> 1140.7083 | D86: =AVERAGEIFS( 'Data averaged'!$N:$N, 'Data averaged'!$D:$D,$A86, 'Data averaged'!$C:$C,"Json", 'Data averaged'!$U:$U,TRUE ) -> 4.6666667 | E86: =(D86/C86)*1000 -> 4.0910253 | F86: =COUNTIFS( 'Data averaged'!$D:$D,$A86, 'Data averaged'!$C:$C,"Natural", 'Data averaged'!$U:$U,TRUE ) -> 24 | G86: =AVERAGEIFS( 'Data averaged'!$H:$H, 'Data averaged'!$D:$D,$A86, 'Data averaged'!$C:$C,"Natural", 'Data averaged'!$U:$U,TRUE ) -> 1073.0417 | H86: =AVERAGEIFS( 'Data averaged'!$N:$N, 'Data averaged'!$D:$D,$A86, 'Data averaged'!$C:$C,"Natural", 'Data averaged'!$U:$U,TRUE ) -> 7 | I86: =(H86/G86)*1000 -> 6.5235118
A91: Arch | B91: JSON combinations | C91: JSON mean calls | D91: JSON mean deliveries | E91: Delivery per 1000 calls | F91: Natural combinations | G91: Natural mean calls | H91: Natural mean deliveries | I91: Delivery per 1000 calls
A92: Centralized | B92: =COUNTIFS( 'Data averaged'!$B:$B,$A92, 'Data averaged'!$C:$C,"Json", 'Data averaged'!$U:$U,TRUE ) -> 72 | C92: =AVERAGEIFS( 'Data averaged'!$H:$H, 'Data averaged'!$B:$B,$A92, 'Data averaged'!$C:$C,"Json", 'Data averaged'!$U:$U,TRUE ) -> 686.21157 | D92: =AVERAGEIFS( 'Data averaged'!$N:$N, 'Data averaged'!$B:$B,$A92, 'Data averaged'!$C:$C,"Json", 'Data averaged'!$U:$U,TRUE ) -> 4.4027778 | E92: =(D92/C92)*1000 -> 6.4160646 | F92: =COUNTIFS( 'Data averaged'!$B:$B,$A92, 'Data averaged'!$C:$C,"Natural", 'Data averaged'!$U:$U,TRUE ) -> 72 | G92: =AVERAGEIFS( 'Data averaged'!$H:$H, 'Data averaged'!$B:$B,$A92, 'Data averaged'!$C:$C,"Natural", 'Data averaged'!$U:$U,TRUE ) -> 830.875 | H92: =AVERAGEIFS( 'Data averaged'!$N:$N, 'Data averaged'!$B:$B,$A92, 'Data averaged'!$C:$C,"Natural", 'Data averaged'!$U:$U,TRUE ) -> 5.9444444 | I92: =(H92/G92)*1000 -> 7.1544389
A93: Shared | B93: =COUNTIFS( 'Data averaged'!$B:$B,$A93, 'Data averaged'!$C:$C,"Json", 'Data averaged'!$U:$U,TRUE ) -> 72 | C93: =AVERAGEIFS( 'Data averaged'!$H:$H, 'Data averaged'!$B:$B,$A93, 'Data averaged'!$C:$C,"Json", 'Data averaged'!$U:$U,TRUE ) -> 1607.934 | D93: =AVERAGEIFS( 'Data averaged'!$N:$N, 'Data averaged'!$B:$B,$A93, 'Data averaged'!$C:$C,"Json", 'Data averaged'!$U:$U,TRUE ) -> 2.9930556 | E93: =(D93/C93)*1000 -> 1.8614293 | F93: =COUNTIFS( 'Data averaged'!$B:$B,$A93, 'Data averaged'!$C:$C,"Natural", 'Data averaged'!$U:$U,TRUE ) -> 72 | G93: =AVERAGEIFS( 'Data averaged'!$H:$H, 'Data averaged'!$B:$B,$A93, 'Data averaged'!$C:$C,"Natural", 'Data averaged'!$U:$U,TRUE ) -> 1709.1181 | H93: =AVERAGEIFS( 'Data averaged'!$N:$N, 'Data averaged'!$B:$B,$A93, 'Data averaged'!$C:$C,"Natural", 'Data averaged'!$U:$U,TRUE ) -> 8.3587963 | I93: =(H93/G93)*1000 -> 4.8907074
A96: Prompt Efficiency by Coordination Architecture
A97: Centralized JSON | B97: =E92 -> 6.4160646
A98: Centralized Natural | B98: =I92 -> 7.1544389
A99: Shared JSON | B99: =E93 -> 1.8614293
A100: Shared Natural | B100: =I93 -> 4.8907074

Sheet Centralized vs Shared
A1: Scenario | B1: Centralized runs | C1: Centralized mean calls | D1: Centralized mean deliveries | E1: Centralized delivery/1000 calls | F1: Shared runs | G1: Shared mean calls | H1: Shared mean deliveries | I1: Shared delivery/1000 calls
A2: tiny_balanced_1v1 | B2: =COUNTIFS('Data Combined - all-runs'!$E:$E, A2, 'Data Combined - all-runs'!$B:$B, "Centralized") -> 44 | C2: =AVERAGEIFS('Data Combined - all-runs'!$H:$H, 'Data Combined - all-runs'!$E:$E, A2, 'Data Combined - all-runs'!$B:$B, "Centralized") -> 449.13636 | D2: =AVERAGEIFS('Data Combined - all-runs'!$N:$N, 'Data Combined - all-runs'!$E:$E, A2, 'Data Combined - all-runs'!$B:$B, "Centralized") -> 2.2045455 | E2: =(D2/C2)*1000 -> 4.9084101 | F2: =COUNTIFS('Data Combined - all-runs'!$E:$E, A2, 'Data Combined - all-runs'!$B:$B, "Shared") -> 50 | G2: =AVERAGEIFS('Data Combined - all-runs'!$H:$H, 'Data Combined - all-runs'!$E:$E, A2, 'Data Combined - all-runs'!$B:$B, "Shared") -> 748.88 | H2: =AVERAGEIFS('Data Combined - all-runs'!$N:$N, 'Data Combined - all-runs'!$E:$E, A2, 'Data Combined - all-runs'!$B:$B, "Shared") -> 4.62 | I2: =(H2/G2)*1000 -> 6.1692127
A3: small_balanced_2v2 | B3: =COUNTIFS('Data Combined - all-runs'!$E:$E, A3, 'Data Combined - all-runs'!$B:$B, "Centralized") -> 43 | C3: =AVERAGEIFS('Data Combined - all-runs'!$H:$H, 'Data Combined - all-runs'!$E:$E, A3, 'Data Combined - all-runs'!$B:$B, "Centralized") -> 417.23256 | D3: =AVERAGEIFS('Data Combined - all-runs'!$N:$N, 'Data Combined - all-runs'!$E:$E, A3, 'Data Combined - all-runs'!$B:$B, "Centralized") -> 1.4186047 | E3: =(D3/C3)*1000 -> 3.4000334 | F3: =COUNTIFS('Data Combined - all-runs'!$E:$E, A3, 'Data Combined - all-runs'!$B:$B, "Shared") -> 49 | G3: =AVERAGEIFS('Data Combined - all-runs'!$H:$H, 'Data Combined - all-runs'!$E:$E, A3, 'Data Combined - all-runs'!$B:$B, "Shared") -> 1029.2041 | H3: =AVERAGEIFS('Data Combined - all-runs'!$N:$N, 'Data Combined - all-runs'!$E:$E, A3, 'Data Combined - all-runs'!$B:$B, "Shared") -> 3.0408163 | I3: =(H3/G3)*1000 -> 2.9545319
A4: small_agv_heavy_4v2 | B4: =COUNTIFS('Data Combined - all-runs'!$E:$E, A4, 'Data Combined - all-runs'!$B:$B, "Centralized") -> 43 | C4: =AVERAGEIFS('Data Combined - all-runs'!$H:$H, 'Data Combined - all-runs'!$E:$E, A4, 'Data Combined - all-runs'!$B:$B, "Centralized") -> 690.34884 | D4: =AVERAGEIFS('Data Combined - all-runs'!$N:$N, 'Data Combined - all-runs'!$E:$E, A4, 'Data Combined - all-runs'!$B:$B, "Centralized") -> 6.4883721 | E4: =(D4/C4)*1000 -> 9.3986862 | F4: =COUNTIFS('Data Combined - all-runs'!$E:$E, A4, 'Data Combined - all-runs'!$B:$B, "Shared") -> 43 | G4: =AVERAGEIFS('Data Combined - all-runs'!$H:$H, 'Data Combined - all-runs'!$E:$E, A4, 'Data Combined - all-runs'!$B:$B, "Shared") -> 1968.9302 | H4: =AVERAGEIFS('Data Combined - all-runs'!$N:$N, 'Data Combined - all-runs'!$E:$E, A4, 'Data Combined - all-runs'!$B:$B, "Shared") -> 10.162791 | I4: =(H4/G4)*1000 -> 5.1615799
A5: small_picker_heavy_2v4 | B5: =COUNTIFS('Data Combined - all-runs'!$E:$E, A5, 'Data Combined - all-runs'!$B:$B, "Centralized") -> 38 | C5: =AVERAGEIFS('Data Combined - all-runs'!$H:$H, 'Data Combined - all-runs'!$E:$E, A5, 'Data Combined - all-runs'!$B:$B, "Centralized") -> 825.23684 | D5: =AVERAGEIFS('Data Combined - all-runs'!$N:$N, 'Data Combined - all-runs'!$E:$E, A5, 'Data Combined - all-runs'!$B:$B, "Centralized") -> 3.9210526 | E5: =(D5/C5)*1000 -> 4.751427 | F5: =COUNTIFS('Data Combined - all-runs'!$E:$E, A5, 'Data Combined - all-runs'!$B:$B, "Shared") -> 43 | G5: =AVERAGEIFS('Data Combined - all-runs'!$H:$H, 'Data Combined - all-runs'!$E:$E, A5, 'Data Combined - all-runs'!$B:$B, "Shared") -> 2516.6744 | H5: =AVERAGEIFS('Data Combined - all-runs'!$N:$N, 'Data Combined - all-runs'!$E:$E, A5, 'Data Combined - all-runs'!$B:$B, "Shared") -> 7.3255814 | I5: =(H5/G5)*1000 -> 2.9108181
A6: medium_balanced_4v4 | B6: =COUNTIFS('Data Combined - all-runs'!$E:$E, A6, 'Data Combined - all-runs'!$B:$B, "Centralized") -> 43 | C6: =AVERAGEIFS('Data Combined - all-runs'!$H:$H, 'Data Combined - all-runs'!$E:$E, A6, 'Data Combined - all-runs'!$B:$B, "Centralized") -> 871.51163 | D6: =AVERAGEIFS('Data Combined - all-runs'!$N:$N, 'Data Combined - all-runs'!$E:$E, A6, 'Data Combined - all-runs'!$B:$B, "Centralized") -> 5.3953488 | E6: =(D6/C6)*1000 -> 6.1907939 | F6: =COUNTIFS('Data Combined - all-runs'!$E:$E, A6, 'Data Combined - all-runs'!$B:$B, "Shared") -> 47 | G6: =AVERAGEIFS('Data Combined - all-runs'!$H:$H, 'Data Combined - all-runs'!$E:$E, A6, 'Data Combined - all-runs'!$B:$B, "Shared") -> 2335.7447 | H6: =AVERAGEIFS('Data Combined - all-runs'!$N:$N, 'Data Combined - all-runs'!$E:$E, A6, 'Data Combined - all-runs'!$B:$B, "Shared") -> 6.8723404 | I6: =(H6/G6)*1000 -> 2.9422481
A7: medium_agv_heavy_6v2 | B7: =COUNTIFS('Data Combined - all-runs'!$E:$E, A7, 'Data Combined - all-runs'!$B:$B, "Centralized") -> 40 | C7: =AVERAGEIFS('Data Combined - all-runs'!$H:$H, 'Data Combined - all-runs'!$E:$E, A7, 'Data Combined - all-runs'!$B:$B, "Centralized") -> 591.6 | D7: =AVERAGEIFS('Data Combined - all-runs'!$N:$N, 'Data Combined - all-runs'!$E:$E, A7, 'Data Combined - all-runs'!$B:$B, "Centralized") -> 4.925 | E7: =(D7/C7)*1000 -> 8.3248817 | F7: =COUNTIFS('Data Combined - all-runs'!$E:$E, A7, 'Data Combined - all-runs'!$B:$B, "Shared") -> 43 | G7: =AVERAGEIFS('Data Combined - all-runs'!$H:$H, 'Data Combined - all-runs'!$E:$E, A7, 'Data Combined - all-runs'!$B:$B, "Shared") -> 1855.3488 | H7: =AVERAGEIFS('Data Combined - all-runs'!$N:$N, 'Data Combined - all-runs'!$E:$E, A7, 'Data Combined - all-runs'!$B:$B, "Shared") -> 8.2093023 | I7: =(H7/G7)*1000 -> 4.4246678
A12: Model | B12: Centralized runs | C12: Centralized mean calls | D12: Centralized mean deliveries | E12: Centralized delivery/1000 calls | F12: Shared runs | G12: Shared mean calls | H12: Shared mean deliveries | I12: Shared delivery/1000 calls
A13: llama 1b (3.2) | B13: =COUNTIFS('Data Combined - all-runs'!$D:$D, A13, 'Data Combined - all-runs'!$B:$B, "Centralized") -> 57 | C13: =AVERAGEIFS('Data Combined - all-runs'!$H:$H, 'Data Combined - all-runs'!$D:$D, A13, 'Data Combined - all-runs'!$B:$B, "Centralized") -> 384.75439 | D13: =AVERAGEIFS('Data Combined - all-runs'!$N:$N, 'Data Combined - all-runs'!$D:$D, A13, 'Data Combined - all-runs'!$B:$B, "Centralized") -> 0.14035088 | E13: =(D13/C13)*1000 -> 0.36478045 | F13: =COUNTIFS('Data Combined - all-runs'!$D:$D, A13, 'Data Combined - all-runs'!$B:$B, "Shared") -> 65 | G13: =AVERAGEIFS('Data Combined - all-runs'!$H:$H, 'Data Combined - all-runs'!$D:$D, A13, 'Data Combined - all-runs'!$B:$B, "Shared") -> 1619.3231 | H13: =AVERAGEIFS('Data Combined - all-runs'!$N:$N, 'Data Combined - all-runs'!$D:$D, A13,'Data Combined - all-runs'!$B:$B, "Shared") -> 4.4923077 | I13: =(H13/G13)*1000 -> 2.7741886
A14: llama 3b (3.2) | B14: =COUNTIFS('Data Combined - all-runs'!$D:$D, A14, 'Data Combined - all-runs'!$B:$B, "Centralized") -> 37 | C14: =AVERAGEIFS('Data Combined - all-runs'!$H:$H, 'Data Combined - all-runs'!$D:$D, A14, 'Data Combined - all-runs'!$B:$B, "Centralized") -> 891.37838 | D14: =AVERAGEIFS('Data Combined - all-runs'!$N:$N, 'Data Combined - all-runs'!$D:$D, A14, 'Data Combined - all-runs'!$B:$B, "Centralized") -> 5.5945946 | E14: =(D14/C14)*1000 -> 6.2763409 | F14: =COUNTIFS('Data Combined - all-runs'!$D:$D, A14, 'Data Combined - all-runs'!$B:$B, "Shared") -> 54 | G14: =AVERAGEIFS('Data Combined - all-runs'!$H:$H, 'Data Combined - all-runs'!$D:$D, A14, 'Data Combined - all-runs'!$B:$B, "Shared") -> 2262.1667 | H14: =AVERAGEIFS('Data Combined - all-runs'!$N:$N, 'Data Combined - all-runs'!$D:$D, A14,'Data Combined - all-runs'!$B:$B, "Shared") -> 10.055556 | I14: =(H14/G14)*1000 -> 4.4450993
A15: mistral 7b | B15: =COUNTIFS('Data Combined - all-runs'!$D:$D, A15, 'Data Combined - all-runs'!$B:$B, "Centralized") -> 37 | C15: =AVERAGEIFS('Data Combined - all-runs'!$H:$H, 'Data Combined - all-runs'!$D:$D, A15, 'Data Combined - all-runs'!$B:$B, "Centralized") -> 864.81081 | D15: =AVERAGEIFS('Data Combined - all-runs'!$N:$N, 'Data Combined - all-runs'!$D:$D, A15, 'Data Combined - all-runs'!$B:$B, "Centralized") -> 5.2972973 | E15: =(D15/C15)*1000 -> 6.1253828 | F15: =COUNTIFS('Data Combined - all-runs'!$D:$D, A15, 'Data Combined - all-runs'!$B:$B, "Shared") -> 44 | G15: =AVERAGEIFS('Data Combined - all-runs'!$H:$H, 'Data Combined - all-runs'!$D:$D, A15, 'Data Combined - all-runs'!$B:$B, "Shared") -> 2104.8864 | H15: =AVERAGEIFS('Data Combined - all-runs'!$N:$N, 'Data Combined - all-runs'!$D:$D, A15,'Data Combined - all-runs'!$B:$B, "Shared") -> 7.8181818 | I15: =(H15/G15)*1000 -> 3.7143011
A16: gemma 12b | B16: =COUNTIFS('Data Combined - all-runs'!$D:$D, A16, 'Data Combined - all-runs'!$B:$B, "Centralized") -> 48 | C16: =AVERAGEIFS('Data Combined - all-runs'!$H:$H, 'Data Combined - all-runs'!$D:$D, A16, 'Data Combined - all-runs'!$B:$B, "Centralized") -> 605.6875 | D16: =AVERAGEIFS('Data Combined - all-runs'!$N:$N, 'Data Combined - all-runs'!$D:$D, A16, 'Data Combined - all-runs'!$B:$B, "Centralized") -> 4.7083333 | E16: =(D16/C16)*1000 -> 7.7735356 | F16: =COUNTIFS('Data Combined - all-runs'!$D:$D, A16, 'Data Combined - all-runs'!$B:$B, "Shared") -> 46 | G16: =AVERAGEIFS('Data Combined - all-runs'!$H:$H, 'Data Combined - all-runs'!$D:$D, A16, 'Data Combined - all-runs'!$B:$B, "Shared") -> 1724.1739 | H16: =AVERAGEIFS('Data Combined - all-runs'!$N:$N, 'Data Combined - all-runs'!$D:$D, A16,'Data Combined - all-runs'!$B:$B, "Shared") -> 6.7391304 | I16: =(H16/G16)*1000 -> 3.9086141
A17: phi4 | B17: =COUNTIFS('Data Combined - all-runs'!$D:$D, A17, 'Data Combined - all-runs'!$B:$B, "Centralized") -> 36 | C17: =AVERAGEIFS('Data Combined - all-runs'!$H:$H, 'Data Combined - all-runs'!$D:$D, A17, 'Data Combined - all-runs'!$B:$B, "Centralized") -> 572.55556 | D17: =AVERAGEIFS('Data Combined - all-runs'!$N:$N, 'Data Combined - all-runs'!$D:$D, A17, 'Data Combined - all-runs'!$B:$B, "Centralized") -> 4.9722222 | E17: =(D17/C17)*1000 -> 8.6842616 | F17: =COUNTIFS('Data Combined - all-runs'!$D:$D, A17, 'Data Combined - all-runs'!$B:$B, "Shared") -> 36 | G17: =AVERAGEIFS('Data Combined - all-runs'!$H:$H, 'Data Combined - all-runs'!$D:$D, A17, 'Data Combined - all-runs'!$B:$B, "Shared") -> 800.19444 | H17: =AVERAGEIFS('Data Combined - all-runs'!$N:$N, 'Data Combined - all-runs'!$D:$D, A17,'Data Combined - all-runs'!$B:$B, "Shared") -> 4.6666667 | I17: =(H17/G17)*1000 -> 5.8319159
A18: qwen 14b (2.5) | B18: =COUNTIFS('Data Combined - all-runs'!$D:$D, A18, 'Data Combined - all-runs'!$B:$B, "Centralized") -> 36 | C18: =AVERAGEIFS('Data Combined - all-runs'!$H:$H, 'Data Combined - all-runs'!$D:$D, A18, 'Data Combined - all-runs'!$B:$B, "Centralized") -> 646.97222 | D18: =AVERAGEIFS('Data Combined - all-runs'!$N:$N, 'Data Combined - all-runs'!$D:$D, A18, 'Data Combined - all-runs'!$B:$B, "Centralized") -> 5.5277778 | E18: =(D18/C18)*1000 -> 8.5440728 | F18: =COUNTIFS('Data Combined - all-runs'!$D:$D, A18, 'Data Combined - all-runs'!$B:$B, "Shared") -> 30 | G18: =AVERAGEIFS('Data Combined - all-runs'!$H:$H, 'Data Combined - all-runs'!$D:$D, A18, 'Data Combined - all-runs'!$B:$B, "Shared") -> 1405.6333 | H18: =AVERAGEIFS('Data Combined - all-runs'!$N:$N, 'Data Combined - all-runs'!$D:$D, A18,'Data Combined - all-runs'!$B:$B, "Shared") -> 5.0333333 | I18: =(H18/G18)*1000 -> 3.5808295
A54: Scenario | B54: Centralized combinations | C54: Centralized mean calls | D54: Centralized mean deliveries | E54: Centralized delivery/1000 calls | F54: Shared combinations | G54: Shared mean calls | H54: Shared mean deliveries | I54: Shared delivery/1000 calls
A55: tiny_balanced_1v1 | B55: =COUNTIFS( 'Data averaged'!$E:$E,A55, 'Data averaged'!$A:$A,"Battery", 'Data averaged'!$B:$B,"Centralized", 'Data averaged'!$C:$C,"Natural" ) + COUNTIFS( 'Data averaged'!$E:$E,A55, 'Data averaged'!$A:$A,"Battery + Shelf", 'Data averaged'!$B:$B,"Centralized", 'Data averaged'!$C:$C,"Natural" ) + COUNTIFS( 'Data averaged'!$E:$E,A55, 'Data averaged'!$A:$A,"Calls", 'Data averaged'!$B:$B,"Centralized", 'Data averaged'!$C:$C,"Natural", 'Data averaged'!$D:$D,"<>phi4", 'Data averaged'!$D:$D,"<>qwen 14b (2.5)" ) -> 16 | C55: =AVERAGE( AVERAGEIFS( 'Data averaged'!$H:$H, 'Data averaged'!$E:$E,A55, 'Data averaged'!$A:$A,"Battery", 'Data averaged'!$B:$B,"Centralized", 'Data averaged'!$C:$C,"Natural" ), AVERAGEIFS( 'Data averaged'!$H:$H, 'Data averaged'!$E:$E,A55, 'Data averaged'!$A:$A,"Battery + Shelf", 'Data averaged'!$B:$B,"Centralized", 'Data averaged'!$C:$C,"Natural" ), AVERAGE( AVERAGEIFS( 'Data averaged'!$H:$H, 'Data averaged'!$E:$E,A55, 'Data averaged'!$A:$A,"Calls", 'Data averaged'!$B:$B,"Centralized", 'Data averaged'!$C:$C,"Natural", 'Data averaged'!$D:$D,"llama 1b (3.2)" ), AVERAGEIFS( 'Data averaged'!$H:$H, 'Data averaged'!$E:$E,A55, 'Data averaged'!$A:$A,"Calls", 'Data averaged'!$B:$B,"Centralized", 'Data averaged'!$C:$C,"Natural", 'Data averaged'!$D:$D,"llama 3b (3.2)" ), AVERAGEIFS( 'Data averaged'!$H:$H, 'Data averaged'!$E:$E,A55, 'Data averaged'!$A:$A,"Calls", 'Data averaged'!$B:$B,"Centralized", 'Data averaged'!$C:$C,"Natural", 'Data averaged'!$D:$D,"mistral 7b" ), AVERAGEIFS( 'Data averaged'!$H:$H, 'Data averaged'!$E:$E,A55, 'Data averaged'!$A:$A,"Calls", 'Data averaged'!$B:$B,"Centralized", 'Data averaged'!$C:$C,"Natural", 'Data averaged'!$D:$D,"gemma 12b" ) ) ) -> 605.30556 | D55: =AVERAGE( AVERAGEIFS( 'Data averaged'!$N:$N, 'Data averaged'!$E:$E,A55, 'Data averaged'!$A:$A,"Battery", 'Data averaged'!$B:$B,"Centralized", 'Data averaged'!$C:$C,"Natural" ), AVERAGEIFS( 'Data averaged'!$N:$N, 'Data averaged'!$E:$E,A55, 'Data averaged'!$A:$A,"Battery + Shelf", 'Data averaged'!$B:$B,"Centralized", 'Data averaged'!$C:$C,"Natural" ), AVERAGEIFS( 'Data averaged'!$N:$N, 'Data averaged'!$E:$E,A55, 'Data averaged'!$A:$A,"Calls", 'Data averaged'!$B:$B,"Centralized", 'Data averaged'!$C:$C,"Natural", 'Data averaged'!$D:$D,"<>phi4", 'Data averaged'!$D:$D,"<>qwen 14b (2.5)" ) ) -> 3.0833333 | E55: =(D55/C55)*1000 -> 5.0938461 | F55: =COUNTIFS( 'Data averaged'!$E:$E,A55, 'Data averaged'!$A:$A,"Battery", 'Data averaged'!$B:$B,"Shared", 'Data averaged'!$C:$C,"Natural" ) + COUNTIFS( 'Data averaged'!$E:$E,A55, 'Data averaged'!$A:$A,"Battery + Shelf", 'Data averaged'!$B:$B,"Shared", 'Data averaged'!$C:$C,"Natural" ) + COUNTIFS( 'Data averaged'!$E:$E,A55, 'Data averaged'!$A:$A,"Calls", 'Data averaged'!$B:$B,"Shared", 'Data averaged'!$C:$C,"Natural", 'Data averaged'!$D:$D,"<>phi4", 'Data averaged'!$D:$D,"<>qwen 14b (2.5)" ) -> 16 | G55: =AVERAGE( AVERAGEIFS( 'Data averaged'!$H:$H, 'Data averaged'!$E:$E,A55, 'Data averaged'!$A:$A,"Battery", 'Data averaged'!$B:$B,"Shared", 'Data averaged'!$C:$C,"Natural" ), AVERAGEIFS( 'Data averaged'!$H:$H, 'Data averaged'!$E:$E,A55, 'Data averaged'!$A:$A,"Battery + Shelf", 'Data averaged'!$B:$B,"Shared", 'Data averaged'!$C:$C,"Natural" ), AVERAGE( AVERAGEIFS( 'Data averaged'!$H:$H, 'Data averaged'!$E:$E,A55, 'Data averaged'!$A:$A,"Calls", 'Data averaged'!$B:$B,"Shared", 'Data averaged'!$C:$C,"Natural", 'Data averaged'!$D:$D,"llama 1b (3.2)" ), AVERAGEIFS( 'Data averaged'!$H:$H, 'Data averaged'!$E:$E,A55, 'Data averaged'!$A:$A,"Calls", 'Data averaged'!$B:$B,"Shared", 'Data averaged'!$C:$C,"Natural", 'Data averaged'!$D:$D,"llama 3b (3.2)" ), AVERAGEIFS( 'Data averaged'!$H:$H, 'Data averaged'!$E:$E,A55, 'Data averaged'!$A:$A,"Calls", 'Data averaged'!$B:$B,"Shared", 'Data averaged'!$C:$C,"Natural", 'Data averaged'!$D:$D,"mistral 7b" ), AVERAGEIFS( 'Data averaged'!$H:$H, 'Data averaged'!$E:$E,A55, 'Data averaged'!$A:$A,"Calls", 'Data averaged'!$B:$B,"Shared", 'Data averaged'!$C:$C,"Natural", 'Data averaged'!$D:$D,"gemma 12b" ) ) ) -> 717.89352 | H55: =AVERAGE( AVERAGEIFS( 'Data averaged'!$N:$N, 'Data averaged'!$E:$E,A55, 'Data averaged'!$A:$A,"Battery", 'Data averaged'!$B:$B,"Shared", 'Data averaged'!$C:$C,"Natural" ), AVERAGEIFS( 'Data averaged'!$N:$N, 'Data averaged'!$E:$E,A55, 'Data averaged'!$A:$A,"Battery + Shelf", 'Data averaged'!$B:$B,"Shared", 'Data averaged'!$C:$C,"Natural" ), AVERAGEIFS( 'Data averaged'!$N:$N, 'Data averaged'!$E:$E,A55, 'Data averaged'!$A:$A,"Calls", 'Data averaged'!$B:$B,"Shared", 'Data averaged'!$C:$C,"Natural", 'Data averaged'!$D:$D,"<>phi4", 'Data averaged'!$D:$D,"<>qwen 14b (2.5)" ) ) -> 6.0462963 | I55: =(H55/G55)*1000 -> 8.4222745
A56: small_balanced_2v2 | B56: =COUNTIFS( 'Data averaged'!$E:$E,A56, 'Data averaged'!$A:$A,"Battery", 'Data averaged'!$B:$B,"Centralized", 'Data averaged'!$C:$C,"Natural" ) + COUNTIFS( 'Data averaged'!$E:$E,A56, 'Data averaged'!$A:$A,"Battery + Shelf", 'Data averaged'!$B:$B,"Centralized", 'Data averaged'!$C:$C,"Natural" ) + COUNTIFS( 'Data averaged'!$E:$E,A56, 'Data averaged'!$A:$A,"Calls", 'Data averaged'!$B:$B,"Centralized", 'Data averaged'!$C:$C,"Natural", 'Data averaged'!$D:$D,"<>phi4", 'Data averaged'!$D:$D,"<>qwen 14b (2.5)" ) -> 16 | C56: =AVERAGE( AVERAGEIFS( 'Data averaged'!$H:$H, 'Data averaged'!$E:$E,A56, 'Data averaged'!$A:$A,"Battery", 'Data averaged'!$B:$B,"Centralized", 'Data averaged'!$C:$C,"Natural" ), AVERAGEIFS( 'Data averaged'!$H:$H, 'Data averaged'!$E:$E,A56, 'Data averaged'!$A:$A,"Battery + Shelf", 'Data averaged'!$B:$B,"Centralized", 'Data averaged'!$C:$C,"Natural" ), AVERAGE( AVERAGEIFS( 'Data averaged'!$H:$H, 'Data averaged'!$E:$E,A56, 'Data averaged'!$A:$A,"Calls", 'Data averaged'!$B:$B,"Centralized", 'Data averaged'!$C:$C,"Natural", 'Data averaged'!$D:$D,"llama 1b (3.2)" ), AVERAGEIFS( 'Data averaged'!$H:$H, 'Data averaged'!$E:$E,A56, 'Data averaged'!$A:$A,"Calls", 'Data averaged'!$B:$B,"Centralized", 'Data averaged'!$C:$C,"Natural", 'Data averaged'!$D:$D,"llama 3b (3.2)" ), AVERAGEIFS( 'Data averaged'!$H:$H, 'Data averaged'!$E:$E,A56, 'Data averaged'!$A:$A,"Calls", 'Data averaged'!$B:$B,"Centralized", 'Data averaged'!$C:$C,"Natural", 'Data averaged'!$D:$D,"mistral 7b" ), AVERAGEIFS( 'Data averaged'!$H:$H, 'Data averaged'!$E:$E,A56, 'Data averaged'!$A:$A,"Calls", 'Data averaged'!$B:$B,"Centralized", 'Data averaged'!$C:$C,"Natural", 'Data averaged'!$D:$D,"gemma 12b" ) ) ) -> 598.54167 | D56: =AVERAGE( AVERAGEIFS( 'Data averaged'!$N:$N, 'Data averaged'!$E:$E,A56, 'Data averaged'!$A:$A,"Battery", 'Data averaged'!$B:$B,"Centralized", 'Data averaged'!$C:$C,"Natural" ), AVERAGEIFS( 'Data averaged'!$N:$N, 'Data averaged'!$E:$E,A56, 'Data averaged'!$A:$A,"Battery + Shelf", 'Data averaged'!$B:$B,"Centralized", 'Data averaged'!$C:$C,"Natural" ), AVERAGEIFS( 'Data averaged'!$N:$N, 'Data averaged'!$E:$E,A56, 'Data averaged'!$A:$A,"Calls", 'Data averaged'!$B:$B,"Centralized", 'Data averaged'!$C:$C,"Natural", 'Data averaged'!$D:$D,"<>phi4", 'Data averaged'!$D:$D,"<>qwen 14b (2.5)" ) ) -> 2.6666667 | E56: =(D56/C56)*1000 -> 4.4552732 | F56: =COUNTIFS( 'Data averaged'!$E:$E,A56, 'Data averaged'!$A:$A,"Battery", 'Data averaged'!$B:$B,"Shared", 'Data averaged'!$C:$C,"Natural" ) + COUNTIFS( 'Data averaged'!$E:$E,A56, 'Data averaged'!$A:$A,"Battery + Shelf", 'Data averaged'!$B:$B,"Shared", 'Data averaged'!$C:$C,"Natural" ) + COUNTIFS( 'Data averaged'!$E:$E,A56, 'Data averaged'!$A:$A,"Calls", 'Data averaged'!$B:$B,"Shared", 'Data averaged'!$C:$C,"Natural", 'Data averaged'!$D:$D,"<>phi4", 'Data averaged'!$D:$D,"<>qwen 14b (2.5)" ) -> 16 | G56: =AVERAGE( AVERAGEIFS( 'Data averaged'!$H:$H, 'Data averaged'!$E:$E,A56, 'Data averaged'!$A:$A,"Battery", 'Data averaged'!$B:$B,"Shared", 'Data averaged'!$C:$C,"Natural" ), AVERAGEIFS( 'Data averaged'!$H:$H, 'Data averaged'!$E:$E,A56, 'Data averaged'!$A:$A,"Battery + Shelf", 'Data averaged'!$B:$B,"Shared", 'Data averaged'!$C:$C,"Natural" ), AVERAGE( AVERAGEIFS( 'Data averaged'!$H:$H, 'Data averaged'!$E:$E,A56, 'Data averaged'!$A:$A,"Calls", 'Data averaged'!$B:$B,"Shared", 'Data averaged'!$C:$C,"Natural", 'Data averaged'!$D:$D,"llama 1b (3.2)" ), AVERAGEIFS( 'Data averaged'!$H:$H, 'Data averaged'!$E:$E,A56, 'Data averaged'!$A:$A,"Calls", 'Data averaged'!$B:$B,"Shared", 'Data averaged'!$C:$C,"Natural", 'Data averaged'!$D:$D,"llama 3b (3.2)" ), AVERAGEIFS( 'Data averaged'!$H:$H, 'Data averaged'!$E:$E,A56, 'Data averaged'!$A:$A,"Calls", 'Data averaged'!$B:$B,"Shared", 'Data averaged'!$C:$C,"Natural", 'Data averaged'!$D:$D,"mistral 7b" ), AVERAGEIFS( 'Data averaged'!$H:$H, 'Data averaged'!$E:$E,A56, 'Data averaged'!$A:$A,"Calls", 'Data averaged'!$B:$B,"Shared", 'Data averaged'!$C:$C,"Natural", 'Data averaged'!$D:$D,"gemma 12b" ) ) ) -> 1230.4583 | H56: =AVERAGE( AVERAGEIFS( 'Data averaged'!$N:$N, 'Data averaged'!$E:$E,A56, 'Data averaged'!$A:$A,"Battery", 'Data averaged'!$B:$B,"Shared", 'Data averaged'!$C:$C,"Natural" ), AVERAGEIFS( 'Data averaged'!$N:$N, 'Data averaged'!$E:$E,A56, 'Data averaged'!$A:$A,"Battery + Shelf", 'Data averaged'!$B:$B,"Shared", 'Data averaged'!$C:$C,"Natural" ), AVERAGEIFS( 'Data averaged'!$N:$N, 'Data averaged'!$E:$E,A56, 'Data averaged'!$A:$A,"Calls", 'Data averaged'!$B:$B,"Shared", 'Data averaged'!$C:$C,"Natural", 'Data averaged'!$D:$D,"<>phi4", 'Data averaged'!$D:$D,"<>qwen 14b (2.5)" ) ) -> 4.5416667 | I56: =(H56/G56)*1000 -> 3.6910365
A57: small_agv_heavy_4v2 | B57: =COUNTIFS( 'Data averaged'!$E:$E,A57, 'Data averaged'!$A:$A,"Battery", 'Data averaged'!$B:$B,"Centralized", 'Data averaged'!$C:$C,"Natural" ) + COUNTIFS( 'Data averaged'!$E:$E,A57, 'Data averaged'!$A:$A,"Battery + Shelf", 'Data averaged'!$B:$B,"Centralized", 'Data averaged'!$C:$C,"Natural" ) + COUNTIFS( 'Data averaged'!$E:$E,A57, 'Data averaged'!$A:$A,"Calls", 'Data averaged'!$B:$B,"Centralized", 'Data averaged'!$C:$C,"Natural", 'Data averaged'!$D:$D,"<>phi4", 'Data averaged'!$D:$D,"<>qwen 14b (2.5)" ) -> 16 | C57: =AVERAGE( AVERAGEIFS( 'Data averaged'!$H:$H, 'Data averaged'!$E:$E,A57, 'Data averaged'!$A:$A,"Battery", 'Data averaged'!$B:$B,"Centralized", 'Data averaged'!$C:$C,"Natural" ), AVERAGEIFS( 'Data averaged'!$H:$H, 'Data averaged'!$E:$E,A57, 'Data averaged'!$A:$A,"Battery + Shelf", 'Data averaged'!$B:$B,"Centralized", 'Data averaged'!$C:$C,"Natural" ), AVERAGE( AVERAGEIFS( 'Data averaged'!$H:$H, 'Data averaged'!$E:$E,A57, 'Data averaged'!$A:$A,"Calls", 'Data averaged'!$B:$B,"Centralized", 'Data averaged'!$C:$C,"Natural", 'Data averaged'!$D:$D,"llama 1b (3.2)" ), AVERAGEIFS( 'Data averaged'!$H:$H, 'Data averaged'!$E:$E,A57, 'Data averaged'!$A:$A,"Calls", 'Data averaged'!$B:$B,"Centralized", 'Data averaged'!$C:$C,"Natural", 'Data averaged'!$D:$D,"llama 3b (3.2)" ), AVERAGEIFS( 'Data averaged'!$H:$H, 'Data averaged'!$E:$E,A57, 'Data averaged'!$A:$A,"Calls", 'Data averaged'!$B:$B,"Centralized", 'Data averaged'!$C:$C,"Natural", 'Data averaged'!$D:$D,"mistral 7b" ), AVERAGEIFS( 'Data averaged'!$H:$H, 'Data averaged'!$E:$E,A57, 'Data averaged'!$A:$A,"Calls", 'Data averaged'!$B:$B,"Centralized", 'Data averaged'!$C:$C,"Natural", 'Data averaged'!$D:$D,"gemma 12b" ) ) ) -> 925.88889 | D57: =AVERAGE( AVERAGEIFS( 'Data averaged'!$N:$N, 'Data averaged'!$E:$E,A57, 'Data averaged'!$A:$A,"Battery", 'Data averaged'!$B:$B,"Centralized", 'Data averaged'!$C:$C,"Natural" ), AVERAGEIFS( 'Data averaged'!$N:$N, 'Data averaged'!$E:$E,A57, 'Data averaged'!$A:$A,"Battery + Shelf", 'Data averaged'!$B:$B,"Centralized", 'Data averaged'!$C:$C,"Natural" ), AVERAGEIFS( 'Data averaged'!$N:$N, 'Data averaged'!$E:$E,A57, 'Data averaged'!$A:$A,"Calls", 'Data averaged'!$B:$B,"Centralized", 'Data averaged'!$C:$C,"Natural", 'Data averaged'!$D:$D,"<>phi4", 'Data averaged'!$D:$D,"<>qwen 14b (2.5)" ) ) -> 8.6666667 | E57: =(D57/C57)*1000 -> 9.3603744 | F57: =COUNTIFS( 'Data averaged'!$E:$E,A57, 'Data averaged'!$A:$A,"Battery", 'Data averaged'!$B:$B,"Shared", 'Data averaged'!$C:$C,"Natural" ) + COUNTIFS( 'Data averaged'!$E:$E,A57, 'Data averaged'!$A:$A,"Battery + Shelf", 'Data averaged'!$B:$B,"Shared", 'Data averaged'!$C:$C,"Natural" ) + COUNTIFS( 'Data averaged'!$E:$E,A57, 'Data averaged'!$A:$A,"Calls", 'Data averaged'!$B:$B,"Shared", 'Data averaged'!$C:$C,"Natural", 'Data averaged'!$D:$D,"<>phi4", 'Data averaged'!$D:$D,"<>qwen 14b (2.5)" ) -> 16 | G57: =AVERAGE( AVERAGEIFS( 'Data averaged'!$H:$H, 'Data averaged'!$E:$E,A57, 'Data averaged'!$A:$A,"Battery", 'Data averaged'!$B:$B,"Shared", 'Data averaged'!$C:$C,"Natural" ), AVERAGEIFS( 'Data averaged'!$H:$H, 'Data averaged'!$E:$E,A57, 'Data averaged'!$A:$A,"Battery + Shelf", 'Data averaged'!$B:$B,"Shared", 'Data averaged'!$C:$C,"Natural" ), AVERAGE( AVERAGEIFS( 'Data averaged'!$H:$H, 'Data averaged'!$E:$E,A57, 'Data averaged'!$A:$A,"Calls", 'Data averaged'!$B:$B,"Shared", 'Data averaged'!$C:$C,"Natural", 'Data averaged'!$D:$D,"llama 1b (3.2)" ), AVERAGEIFS( 'Data averaged'!$H:$H, 'Data averaged'!$E:$E,A57, 'Data averaged'!$A:$A,"Calls", 'Data averaged'!$B:$B,"Shared", 'Data averaged'!$C:$C,"Natural", 'Data averaged'!$D:$D,"llama 3b (3.2)" ), AVERAGEIFS( 'Data averaged'!$H:$H, 'Data averaged'!$E:$E,A57, 'Data averaged'!$A:$A,"Calls", 'Data averaged'!$B:$B,"Shared", 'Data averaged'!$C:$C,"Natural", 'Data averaged'!$D:$D,"mistral 7b" ), AVERAGEIFS( 'Data averaged'!$H:$H, 'Data averaged'!$E:$E,A57, 'Data averaged'!$A:$A,"Calls", 'Data averaged'!$B:$B,"Shared", 'Data averaged'!$C:$C,"Natural", 'Data averaged'!$D:$D,"gemma 12b" ) ) ) -> 2185.6019 | H57: =AVERAGE( AVERAGEIFS( 'Data averaged'!$N:$N, 'Data averaged'!$E:$E,A57, 'Data averaged'!$A:$A,"Battery", 'Data averaged'!$B:$B,"Shared", 'Data averaged'!$C:$C,"Natural" ), AVERAGEIFS( 'Data averaged'!$N:$N, 'Data averaged'!$E:$E,A57, 'Data averaged'!$A:$A,"Battery + Shelf", 'Data averaged'!$B:$B,"Shared", 'Data averaged'!$C:$C,"Natural" ), AVERAGEIFS( 'Data averaged'!$N:$N, 'Data averaged'!$E:$E,A57, 'Data averaged'!$A:$A,"Calls", 'Data averaged'!$B:$B,"Shared", 'Data averaged'!$C:$C,"Natural", 'Data averaged'!$D:$D,"<>phi4", 'Data averaged'!$D:$D,"<>qwen 14b (2.5)" ) ) -> 13.148148 | I57: =(H57/G57)*1000 -> 6.0158021
A58: small_picker_heavy_2v4 | B58: =COUNTIFS( 'Data averaged'!$E:$E,A58, 'Data averaged'!$A:$A,"Battery", 'Data averaged'!$B:$B,"Centralized", 'Data averaged'!$C:$C,"Natural" ) + COUNTIFS( 'Data averaged'!$E:$E,A58, 'Data averaged'!$A:$A,"Battery + Shelf", 'Data averaged'!$B:$B,"Centralized", 'Data averaged'!$C:$C,"Natural" ) + COUNTIFS( 'Data averaged'!$E:$E,A58, 'Data averaged'!$A:$A,"Calls", 'Data averaged'!$B:$B,"Centralized", 'Data averaged'!$C:$C,"Natural", 'Data averaged'!$D:$D,"<>phi4", 'Data averaged'!$D:$D,"<>qwen 14b (2.5)" ) -> 16 | C58: =AVERAGE( AVERAGEIFS( 'Data averaged'!$H:$H, 'Data averaged'!$E:$E,A58, 'Data averaged'!$A:$A,"Battery", 'Data averaged'!$B:$B,"Centralized", 'Data averaged'!$C:$C,"Natural" ), AVERAGEIFS( 'Data averaged'!$H:$H, 'Data averaged'!$E:$E,A58, 'Data averaged'!$A:$A,"Battery + Shelf", 'Data averaged'!$B:$B,"Centralized", 'Data averaged'!$C:$C,"Natural" ), AVERAGE( AVERAGEIFS( 'Data averaged'!$H:$H, 'Data averaged'!$E:$E,A58, 'Data averaged'!$A:$A,"Calls", 'Data averaged'!$B:$B,"Centralized", 'Data averaged'!$C:$C,"Natural", 'Data averaged'!$D:$D,"llama 1b (3.2)" ), AVERAGEIFS( 'Data averaged'!$H:$H, 'Data averaged'!$E:$E,A58, 'Data averaged'!$A:$A,"Calls", 'Data averaged'!$B:$B,"Centralized", 'Data averaged'!$C:$C,"Natural", 'Data averaged'!$D:$D,"llama 3b (3.2)" ), AVERAGEIFS( 'Data averaged'!$H:$H, 'Data averaged'!$E:$E,A58, 'Data averaged'!$A:$A,"Calls", 'Data averaged'!$B:$B,"Centralized", 'Data averaged'!$C:$C,"Natural", 'Data averaged'!$D:$D,"mistral 7b" ), AVERAGEIFS( 'Data averaged'!$H:$H, 'Data averaged'!$E:$E,A58, 'Data averaged'!$A:$A,"Calls", 'Data averaged'!$B:$B,"Centralized", 'Data averaged'!$C:$C,"Natural", 'Data averaged'!$D:$D,"gemma 12b" ) ) ) -> 939.61111 | D58: =AVERAGE( AVERAGEIFS( 'Data averaged'!$N:$N, 'Data averaged'!$E:$E,A58, 'Data averaged'!$A:$A,"Battery", 'Data averaged'!$B:$B,"Centralized", 'Data averaged'!$C:$C,"Natural" ), AVERAGEIFS( 'Data averaged'!$N:$N, 'Data averaged'!$E:$E,A58, 'Data averaged'!$A:$A,"Battery + Shelf", 'Data averaged'!$B:$B,"Centralized", 'Data averaged'!$C:$C,"Natural" ), AVERAGEIFS( 'Data averaged'!$N:$N, 'Data averaged'!$E:$E,A58, 'Data averaged'!$A:$A,"Calls", 'Data averaged'!$B:$B,"Centralized", 'Data averaged'!$C:$C,"Natural", 'Data averaged'!$D:$D,"<>phi4", 'Data averaged'!$D:$D,"<>qwen 14b (2.5)" ) ) -> 3.8611111 | E58: =(D58/C58)*1000 -> 4.1092651 | F58: =COUNTIFS( 'Data averaged'!$E:$E,A58, 'Data averaged'!$A:$A,"Battery", 'Data averaged'!$B:$B,"Shared", 'Data averaged'!$C:$C,"Natural" ) + COUNTIFS( 'Data averaged'!$E:$E,A58, 'Data averaged'!$A:$A,"Battery + Shelf", 'Data averaged'!$B:$B,"Shared", 'Data averaged'!$C:$C,"Natural" ) + COUNTIFS( 'Data averaged'!$E:$E,A58, 'Data averaged'!$A:$A,"Calls", 'Data averaged'!$B:$B,"Shared", 'Data averaged'!$C:$C,"Natural", 'Data averaged'!$D:$D,"<>phi4", 'Data averaged'!$D:$D,"<>qwen 14b (2.5)" ) -> 16 | G58: =AVERAGE( AVERAGEIFS( 'Data averaged'!$H:$H, 'Data averaged'!$E:$E,A58, 'Data averaged'!$A:$A,"Battery", 'Data averaged'!$B:$B,"Shared", 'Data averaged'!$C:$C,"Natural" ), AVERAGEIFS( 'Data averaged'!$H:$H, 'Data averaged'!$E:$E,A58, 'Data averaged'!$A:$A,"Battery + Shelf", 'Data averaged'!$B:$B,"Shared", 'Data averaged'!$C:$C,"Natural" ), AVERAGE( AVERAGEIFS( 'Data averaged'!$H:$H, 'Data averaged'!$E:$E,A58, 'Data averaged'!$A:$A,"Calls", 'Data averaged'!$B:$B,"Shared", 'Data averaged'!$C:$C,"Natural", 'Data averaged'!$D:$D,"llama 1b (3.2)" ), AVERAGEIFS( 'Data averaged'!$H:$H, 'Data averaged'!$E:$E,A58, 'Data averaged'!$A:$A,"Calls", 'Data averaged'!$B:$B,"Shared", 'Data averaged'!$C:$C,"Natural", 'Data averaged'!$D:$D,"llama 3b (3.2)" ), AVERAGEIFS( 'Data averaged'!$H:$H, 'Data averaged'!$E:$E,A58, 'Data averaged'!$A:$A,"Calls", 'Data averaged'!$B:$B,"Shared", 'Data averaged'!$C:$C,"Natural", 'Data averaged'!$D:$D,"mistral 7b" ), AVERAGEIFS( 'Data averaged'!$H:$H, 'Data averaged'!$E:$E,A58, 'Data averaged'!$A:$A,"Calls", 'Data averaged'!$B:$B,"Shared", 'Data averaged'!$C:$C,"Natural", 'Data averaged'!$D:$D,"gemma 12b" ) ) ) -> 2551.9074 | H58: =AVERAGE( AVERAGEIFS( 'Data averaged'!$N:$N, 'Data averaged'!$E:$E,A58, 'Data averaged'!$A:$A,"Battery", 'Data averaged'!$B:$B,"Shared", 'Data averaged'!$C:$C,"Natural" ), AVERAGEIFS( 'Data averaged'!$N:$N, 'Data averaged'!$E:$E,A58, 'Data averaged'!$A:$A,"Battery + Shelf", 'Data averaged'!$B:$B,"Shared", 'Data averaged'!$C:$C,"Natural" ), AVERAGEIFS( 'Data averaged'!$N:$N, 'Data averaged'!$E:$E,A58, 'Data averaged'!$A:$A,"Calls", 'Data averaged'!$B:$B,"Shared", 'Data averaged'!$C:$C,"Natural", 'Data averaged'!$D:$D,"<>phi4", 'Data averaged'!$D:$D,"<>qwen 14b (2.5)" ) ) -> 8.9259259 | I58: =(H58/G58)*1000 -> 3.4977468
A59: medium_balanced_4v4 | B59: =COUNTIFS( 'Data averaged'!$E:$E,A59, 'Data averaged'!$A:$A,"Battery", 'Data averaged'!$B:$B,"Centralized", 'Data averaged'!$C:$C,"Natural" ) + COUNTIFS( 'Data averaged'!$E:$E,A59, 'Data averaged'!$A:$A,"Battery + Shelf", 'Data averaged'!$B:$B,"Centralized", 'Data averaged'!$C:$C,"Natural" ) + COUNTIFS( 'Data averaged'!$E:$E,A59, 'Data averaged'!$A:$A,"Calls", 'Data averaged'!$B:$B,"Centralized", 'Data averaged'!$C:$C,"Natural", 'Data averaged'!$D:$D,"<>phi4", 'Data averaged'!$D:$D,"<>qwen 14b (2.5)" ) -> 16 | C59: =AVERAGE( AVERAGEIFS( 'Data averaged'!$H:$H, 'Data averaged'!$E:$E,A59, 'Data averaged'!$A:$A,"Battery", 'Data averaged'!$B:$B,"Centralized", 'Data averaged'!$C:$C,"Natural" ), AVERAGEIFS( 'Data averaged'!$H:$H, 'Data averaged'!$E:$E,A59, 'Data averaged'!$A:$A,"Battery + Shelf", 'Data averaged'!$B:$B,"Centralized", 'Data averaged'!$C:$C,"Natural" ), AVERAGE( AVERAGEIFS( 'Data averaged'!$H:$H, 'Data averaged'!$E:$E,A59, 'Data averaged'!$A:$A,"Calls", 'Data averaged'!$B:$B,"Centralized", 'Data averaged'!$C:$C,"Natural", 'Data averaged'!$D:$D,"llama 1b (3.2)" ), AVERAGEIFS( 'Data averaged'!$H:$H, 'Data averaged'!$E:$E,A59, 'Data averaged'!$A:$A,"Calls", 'Data averaged'!$B:$B,"Centralized", 'Data averaged'!$C:$C,"Natural", 'Data averaged'!$D:$D,"llama 3b (3.2)" ), AVERAGEIFS( 'Data averaged'!$H:$H, 'Data averaged'!$E:$E,A59, 'Data averaged'!$A:$A,"Calls", 'Data averaged'!$B:$B,"Centralized", 'Data averaged'!$C:$C,"Natural", 'Data averaged'!$D:$D,"mistral 7b" ), AVERAGEIFS( 'Data averaged'!$H:$H, 'Data averaged'!$E:$E,A59, 'Data averaged'!$A:$A,"Calls", 'Data averaged'!$B:$B,"Centralized", 'Data averaged'!$C:$C,"Natural", 'Data averaged'!$D:$D,"gemma 12b" ) ) ) -> 1297.5694 | D59: =AVERAGE( AVERAGEIFS( 'Data averaged'!$N:$N, 'Data averaged'!$E:$E,A59, 'Data averaged'!$A:$A,"Battery", 'Data averaged'!$B:$B,"Centralized", 'Data averaged'!$C:$C,"Natural" ), AVERAGEIFS( 'Data averaged'!$N:$N, 'Data averaged'!$E:$E,A59, 'Data averaged'!$A:$A,"Battery + Shelf", 'Data averaged'!$B:$B,"Centralized", 'Data averaged'!$C:$C,"Natural" ), AVERAGEIFS( 'Data averaged'!$N:$N, 'Data averaged'!$E:$E,A59, 'Data averaged'!$A:$A,"Calls", 'Data averaged'!$B:$B,"Centralized", 'Data averaged'!$C:$C,"Natural", 'Data averaged'!$D:$D,"<>phi4", 'Data averaged'!$D:$D,"<>qwen 14b (2.5)" ) ) -> 7.8333333 | E59: =(D59/C59)*1000 -> 6.036928 | F59: =COUNTIFS( 'Data averaged'!$E:$E,A59, 'Data averaged'!$A:$A,"Battery", 'Data averaged'!$B:$B,"Shared", 'Data averaged'!$C:$C,"Natural" ) + COUNTIFS( 'Data averaged'!$E:$E,A59, 'Data averaged'!$A:$A,"Battery + Shelf", 'Data averaged'!$B:$B,"Shared", 'Data averaged'!$C:$C,"Natural" ) + COUNTIFS( 'Data averaged'!$E:$E,A59, 'Data averaged'!$A:$A,"Calls", 'Data averaged'!$B:$B,"Shared", 'Data averaged'!$C:$C,"Natural", 'Data averaged'!$D:$D,"<>phi4", 'Data averaged'!$D:$D,"<>qwen 14b (2.5)" ) -> 16 | G59: =AVERAGE( AVERAGEIFS( 'Data averaged'!$H:$H, 'Data averaged'!$E:$E,A59, 'Data averaged'!$A:$A,"Battery", 'Data averaged'!$B:$B,"Shared", 'Data averaged'!$C:$C,"Natural" ), AVERAGEIFS( 'Data averaged'!$H:$H, 'Data averaged'!$E:$E,A59, 'Data averaged'!$A:$A,"Battery + Shelf", 'Data averaged'!$B:$B,"Shared", 'Data averaged'!$C:$C,"Natural" ), AVERAGE( AVERAGEIFS( 'Data averaged'!$H:$H, 'Data averaged'!$E:$E,A59, 'Data averaged'!$A:$A,"Calls", 'Data averaged'!$B:$B,"Shared", 'Data averaged'!$C:$C,"Natural", 'Data averaged'!$D:$D,"llama 1b (3.2)" ), AVERAGEIFS( 'Data averaged'!$H:$H, 'Data averaged'!$E:$E,A59, 'Data averaged'!$A:$A,"Calls", 'Data averaged'!$B:$B,"Shared", 'Data averaged'!$C:$C,"Natural", 'Data averaged'!$D:$D,"llama 3b (3.2)" ), AVERAGEIFS( 'Data averaged'!$H:$H, 'Data averaged'!$E:$E,A59, 'Data averaged'!$A:$A,"Calls", 'Data averaged'!$B:$B,"Shared", 'Data averaged'!$C:$C,"Natural", 'Data averaged'!$D:$D,"mistral 7b" ), AVERAGEIFS( 'Data averaged'!$H:$H, 'Data averaged'!$E:$E,A59, 'Data averaged'!$A:$A,"Calls", 'Data averaged'!$B:$B,"Shared", 'Data averaged'!$C:$C,"Natural", 'Data averaged'!$D:$D,"gemma 12b" ) ) ) -> 2412.2083 | H59: =AVERAGE( AVERAGEIFS( 'Data averaged'!$N:$N, 'Data averaged'!$E:$E,A59, 'Data averaged'!$A:$A,"Battery", 'Data averaged'!$B:$B,"Shared", 'Data averaged'!$C:$C,"Natural" ), AVERAGEIFS( 'Data averaged'!$N:$N, 'Data averaged'!$E:$E,A59, 'Data averaged'!$A:$A,"Battery + Shelf", 'Data averaged'!$B:$B,"Shared", 'Data averaged'!$C:$C,"Natural" ), AVERAGEIFS( 'Data averaged'!$N:$N, 'Data averaged'!$E:$E,A59, 'Data averaged'!$A:$A,"Calls", 'Data averaged'!$B:$B,"Shared", 'Data averaged'!$C:$C,"Natural", 'Data averaged'!$D:$D,"<>phi4", 'Data averaged'!$D:$D,"<>qwen 14b (2.5)" ) ) -> 8.1759259 | I59: =(H59/G59)*1000 -> 3.3893946
